ID,drug_group_id,drug,c1,c2,c3,c4,c5,c6,c7,c8,c9,units
67,205,182,8.53E-11,4.27E-10,2.13E-09,1.07E-08,5.33E-08,2.67E-07,1.33E-06,6.67E-06,3.33E-05,M
68,205,184,8.53E-11,4.27E-10,2.13E-09,1.07E-08,5.33E-08,2.67E-07,1.33E-06,6.67E-06,3.33E-05,M
214,76,208684,6.51E-08,1.30E-07,2.60E-07,5.21E-07,1.04E-06,2.08E-06,4.17E-06,8.33E-06,1.67E-05,M
268,99,208684,4.27E-11,2.13E-10,1.07E-09,5.33E-09,2.67E-08,1.33E-07,6.67E-07,3.33E-06,1.67E-05,M
139,37,17-AAG,2.56E-10,1.28E-09,6.40E-09,3.20E-08,1.60E-07,8.00E-07,4.00E-06,2.00E-05,1.00E-04,M
145,40,17-AAG,2.56E-10,1.28E-09,6.40E-09,3.20E-08,1.60E-07,8.00E-07,4.00E-06,2.00E-05,1.00E-04,M
169,50,17-AAG,2.56E-10,1.28E-09,6.40E-09,3.20E-08,1.60E-07,8.00E-07,4.00E-06,2.00E-05,1.00E-04,M
55,195,17-AAG,2.56E-09,1.28E-08,6.40E-08,3.20E-07,1.60E-06,8.00E-06,4.00E-05,2.00E-04,1.00E-03,M
3,177,2-deoxy-D-glucose,8.53E-09,4.27E-08,2.13E-07,1.07E-06,5.33E-06,2.67E-05,1.33E-04,6.67E-04,3.33E-03,M
279,102,2C4,3.20E-06,1.60E-05,8.00E-05,4.00E-04,2.00E-03,1.00E-02,5.00E-02,2.50E-01,1.25E+00,mg/ml
31,190,4-HC,4.27E-10,2.13E-09,1.07E-08,5.33E-08,2.67E-07,1.33E-06,6.67E-06,3.33E-05,1.67E-04,M
32,190,4-HC+Dox Combo,4.27E-10,2.13E-09,1.07E-08,5.33E-08,2.67E-07,1.33E-06,6.67E-06,3.33E-05,1.67E-04,M
346,143,5-FdUR,1.28E-08,6.40E-08,3.20E-07,1.60E-06,8.00E-06,4.00E-05,2.00E-04,1.00E-03,5.00E-03,M
106,17,5-FU,4.92E-08,2.46E-07,1.23E-06,6.15E-06,3.07E-05,1.54E-04,7.69E-04,3.84E-03,1.92E-02,M
127,30,5-FU,4.92E-08,2.46E-07,1.23E-06,6.15E-06,3.07E-05,1.54E-04,7.69E-04,3.84E-03,1.92E-02,M
133,35,5-FU,4.92E-08,2.46E-07,1.23E-06,6.15E-06,3.07E-05,1.54E-04,7.69E-04,3.84E-03,1.92E-02,M
310,130,5-FU,4.92E-08,2.46E-07,1.23E-06,6.15E-06,3.07E-05,1.54E-04,7.69E-04,3.84E-03,1.92E-02,M
313,131,5-FU,4.92E-08,2.46E-07,1.23E-06,6.15E-06,3.07E-05,1.54E-04,7.69E-04,3.84E-03,1.92E-02,M
215,76,AC-026-123,1.30E-07,2.60E-07,5.21E-07,1.04E-06,2.08E-06,4.17E-06,8.33E-06,1.67E-05,3.33E-05,M
269,99,AC-026-123,8.53E-11,4.27E-10,2.13E-09,1.07E-08,5.33E-08,2.67E-07,1.33E-06,6.67E-06,3.33E-05,M
216,76,AC-24A,6.51E-08,1.30E-07,2.60E-07,5.21E-07,1.04E-06,2.08E-06,4.17E-06,8.33E-06,1.67E-05,M
270,99,AC-24A,4.27E-11,2.13E-10,1.07E-09,5.33E-09,2.67E-08,1.33E-07,6.67E-07,3.33E-06,1.67E-05,M
136,36,AG1(Purvalanol),8.53E-11,4.27E-10,2.13E-09,1.07E-08,5.33E-08,2.67E-07,1.33E-06,6.67E-06,3.33E-05,M
28,68,AG1(Purvalanol),8.53E-10,4.27E-09,2.13E-08,1.07E-07,5.33E-07,2.67E-06,1.33E-05,6.67E-05,3.33E-04,M
25,69,AG1(Purvalanol),8.53E-10,4.27E-09,2.13E-08,1.07E-07,5.33E-07,2.67E-06,1.33E-05,6.67E-05,3.33E-04,M
190,66,AG1024,8.53E-11,4.27E-10,2.13E-09,1.07E-08,5.33E-08,2.67E-07,1.33E-06,6.67E-06,3.33E-05,M
103,16,AG1478,4.27E-10,2.13E-09,1.07E-08,5.33E-08,2.67E-07,1.33E-06,6.67E-06,3.33E-05,1.67E-04,M
112,19,AG1478,4.27E-10,2.13E-09,1.07E-08,5.33E-08,2.67E-07,1.33E-06,6.67E-06,3.33E-05,1.67E-04,M
157,44,AG1478,4.27E-10,2.13E-09,1.07E-08,5.33E-08,2.67E-07,1.33E-06,6.67E-06,3.33E-05,1.67E-04,M
43,193,AG1478,4.27E-10,2.13E-09,1.07E-08,5.33E-08,2.67E-07,1.33E-06,6.67E-06,3.33E-05,1.67E-04,M
138,36,AG2(OB-360),8.53E-11,4.27E-10,2.13E-09,1.07E-08,5.33E-08,2.67E-07,1.33E-06,6.67E-06,3.33E-05,M
30,68,AG2(OB-360),4.27E-10,2.13E-09,1.07E-08,5.33E-08,2.67E-07,1.33E-06,6.67E-06,3.33E-05,1.67E-04,M
27,69,AG2(OB-360),4.27E-10,2.13E-09,1.07E-08,5.33E-08,2.67E-07,1.33E-06,6.67E-06,3.33E-05,1.67E-04,M
340,141,AKT1-2 inhibitor,1.71E-10,8.53E-10,4.27E-09,2.13E-08,1.07E-07,5.33E-07,2.67E-06,1.33E-05,6.67E-05,M
376,153,AKT1-2 inhibitor,1.71E-10,8.53E-10,4.27E-09,2.13E-08,1.07E-07,5.33E-07,2.67E-06,1.33E-05,6.67E-05,M
391,158,AKT1-2 inhibitor,1.71E-10,8.53E-10,4.27E-09,2.13E-08,1.07E-07,5.33E-07,2.67E-06,1.33E-05,6.67E-05,M
406,165,AKT1-2 inhibitor,1.71E-10,8.53E-10,4.27E-09,2.13E-08,1.07E-07,5.33E-07,2.67E-06,1.33E-05,6.67E-05,M
37,194,AKT1-2 inhibitor,8.53E-11,4.27E-10,2.13E-09,1.07E-08,5.33E-08,2.67E-07,1.33E-06,6.67E-06,3.33E-05,M
60,196,AKT1-2 inhibitor,1.71E-10,8.53E-10,4.27E-09,2.13E-08,1.07E-07,5.33E-07,2.67E-06,1.33E-05,6.67E-05,M
208,74,API-2(Tricir),8.53E-11,4.27E-10,2.13E-09,1.07E-08,5.33E-08,2.67E-07,1.33E-06,6.67E-06,3.33E-05,M
56,195,API-2(Tricir),4.27E-10,2.13E-09,1.07E-08,5.33E-08,2.67E-07,1.33E-06,6.67E-06,3.33E-05,1.67E-04,M
49,201,API-2(Tricir),3.91E-08,7.81E-08,1.56E-07,3.13E-07,6.25E-07,1.25E-06,2.50E-06,5.00E-06,1.00E-05,M
341,141,AS-252424,1.71E-10,8.53E-10,4.27E-09,2.13E-08,1.07E-07,5.33E-07,2.67E-06,1.33E-05,6.67E-05,M
377,153,AS-252424,8.53E-11,4.27E-10,2.13E-09,1.07E-08,5.33E-08,2.67E-07,1.33E-06,6.67E-06,3.33E-05,M
392,158,AS-252424,1.71E-10,8.53E-10,4.27E-09,2.13E-08,1.07E-07,5.33E-07,2.67E-06,1.33E-05,6.67E-05,M
407,165,AS-252424,8.53E-11,4.27E-10,2.13E-09,1.07E-08,5.33E-08,2.67E-07,1.33E-06,6.67E-06,3.33E-05,M
356,146,AZD6244,1.28E-10,6.40E-10,3.20E-09,1.60E-08,8.00E-08,4.00E-07,2.00E-06,1.00E-05,5.00E-05,M
383,155,AZD6244,1.28E-10,6.40E-10,3.20E-09,1.60E-08,8.00E-08,4.00E-07,2.00E-06,1.00E-05,5.00E-05,M
202,72,Baicalein,4.27E-10,2.13E-09,1.07E-08,5.33E-08,2.67E-07,1.33E-06,6.67E-06,3.33E-05,1.67E-04,M
205,73,Baicalein,4.27E-10,2.13E-09,1.07E-08,5.33E-08,2.67E-07,1.33E-06,6.67E-06,3.33E-05,1.67E-04,M
355,146,BEZ235,8.53E-11,4.27E-10,2.13E-09,1.07E-08,5.33E-08,2.67E-07,1.33E-06,6.67E-06,3.33E-05,M
382,155,BEZ235,8.53E-11,4.27E-10,2.13E-09,1.07E-08,5.33E-08,2.67E-07,1.33E-06,6.67E-06,3.33E-05,M
370,151,BI 2536,8.53E-11,4.27E-10,2.13E-09,1.07E-08,5.33E-08,2.67E-07,1.33E-06,6.67E-06,3.33E-05,M
388,157,BI 2536,8.53E-11,4.27E-10,2.13E-09,1.07E-08,5.33E-08,2.67E-07,1.33E-06,6.67E-06,3.33E-05,M
424,171,BI 2536,8.53E-11,4.27E-10,2.13E-09,1.07E-08,5.33E-08,2.67E-07,1.33E-06,6.67E-06,3.33E-05,M
393,158,BIBW2992,1.71E-10,8.53E-10,4.27E-09,2.13E-08,1.07E-07,5.33E-07,2.67E-06,1.33E-05,6.67E-05,M
408,165,BIBW2992,1.71E-10,8.53E-10,4.27E-09,2.13E-08,1.07E-07,5.33E-07,2.67E-06,1.33E-05,6.67E-05,M
38,194,BIBW2992,8.53E-11,4.27E-10,2.13E-09,1.07E-08,5.33E-08,2.67E-07,1.33E-06,6.67E-06,3.33E-05,M
50,201,BIBW2992,3.91E-08,7.81E-08,1.56E-07,3.13E-07,6.25E-07,1.25E-06,2.50E-06,5.00E-06,1.00E-05,M
51,201,BIBW2992+Triceribine Combo,3.91E-08,7.81E-08,1.56E-07,3.13E-07,6.25E-07,1.25E-06,2.50E-06,5.00E-06,1.00E-05,M
15,186,BM-771,1.71E-10,8.53E-10,4.27E-09,2.13E-08,1.07E-07,5.33E-07,2.67E-06,1.33E-05,6.67E-05,M
14,186,BM-791,1.71E-10,8.53E-10,4.27E-09,2.13E-08,1.07E-07,5.33E-07,2.67E-06,1.33E-05,6.67E-05,M
210,74,Bortezomib-batch1,4.27E-10,2.13E-09,1.07E-08,5.33E-08,2.67E-07,1.33E-06,6.67E-06,3.33E-05,1.67E-04,M
72,203,Bortezomib-batch2,1.71E-10,8.53E-10,4.27E-09,2.13E-08,1.07E-07,5.33E-07,2.67E-06,1.33E-05,6.67E-05,M
2,177,Bromopyruvate,8.54E-11,4.27E-10,2.13E-09,1.07E-08,5.34E-08,2.67E-07,1.33E-06,6.67E-06,3.33E-05,M
94,11,Carboplatin,3.45E-09,1.72E-08,8.62E-08,4.31E-07,2.15E-06,1.08E-05,5.39E-05,2.69E-04,1.35E-03,M
115,21,Carboplatin,3.45E-09,1.72E-08,8.62E-08,4.31E-07,2.16E-06,1.08E-05,5.39E-05,2.69E-04,1.35E-03,M
211,75,Carboplatin,3.45E-09,1.72E-08,8.62E-08,4.31E-07,2.16E-06,1.08E-05,5.39E-05,2.69E-04,1.35E-03,M
280,119,Carboplatin,3.45E-09,1.72E-08,8.62E-08,4.31E-07,2.15E-06,1.08E-05,5.39E-05,2.69E-04,1.35E-03,M
283,120,Carboplatin,3.45E-09,1.72E-08,8.62E-08,4.31E-07,2.15E-06,1.08E-05,5.39E-05,2.69E-04,1.35E-03,M
325,136,Celecoxib(Celebrex),4.27E-09,2.13E-08,1.07E-07,5.33E-07,2.67E-06,1.33E-05,6.67E-05,3.33E-04,1.67E-03,M
82,6,Cetuximab,1.75E-12,8.77E-12,4.38E-11,2.19E-10,1.10E-09,5.48E-09,2.74E-08,1.37E-07,6.85E-07,M
109,18,Cetuximab,1.75E-12,8.77E-12,4.38E-11,2.19E-10,1.10E-09,5.48E-09,2.74E-08,1.37E-07,6.85E-07,M
121,26,Cetuximab,1.75E-12,8.77E-12,4.38E-11,2.19E-10,1.10E-09,5.48E-09,2.74E-08,1.37E-07,6.85E-07,M
151,42,Cetuximab,1.75E-12,8.77E-12,4.38E-11,2.19E-10,1.10E-09,5.48E-09,2.74E-08,1.37E-07,6.85E-07,M
175,52,Cetuximab,1.75E-12,8.77E-12,4.38E-11,2.19E-10,1.10E-09,5.48E-09,2.74E-08,1.37E-07,6.85E-07,M
277,102,Cetuximab,1.75E-12,8.77E-12,4.38E-11,2.19E-10,1.10E-09,5.48E-09,2.74E-08,1.37E-07,6.85E-07,M
289,122,Cetuximab,1.75E-12,8.77E-12,4.38E-11,2.19E-10,1.10E-09,5.48E-09,2.74E-08,1.37E-07,6.85E-07,M
292,123,Cetuximab,1.75E-12,8.77E-12,4.38E-11,2.19E-10,1.10E-09,5.48E-09,2.74E-08,1.37E-07,6.85E-07,M
295,124,Cetuximab,1.75E-12,8.77E-12,4.38E-11,2.19E-10,1.10E-09,5.48E-09,2.74E-08,1.37E-07,6.85E-07,M
298,125,Cetuximab,1.75E-12,8.77E-12,4.38E-11,2.19E-10,1.10E-09,5.48E-09,2.74E-08,1.37E-07,6.85E-07,M
337,140,Chk2 inhibitor II,1.71E-10,8.53E-10,4.27E-09,2.13E-08,1.07E-07,5.33E-07,2.67E-06,1.33E-05,6.67E-05,M
1,177,Chloroquine,1.70E-10,8.51E-10,4.26E-09,2.13E-08,1.06E-07,5.32E-07,2.66E-06,1.33E-05,6.65E-05,M
124,29,CI1040,8.53E-11,4.27E-10,2.13E-09,1.07E-08,5.33E-08,2.67E-07,1.33E-06,6.67E-06,3.33E-05,M
73,202,CI1040,3.91E-08,7.81E-08,1.56E-07,3.13E-07,6.25E-07,1.25E-06,2.50E-06,5.00E-06,1.00E-05,M
75,202,CI1040+PIK90 Combo,3.91E-08,7.81E-08,1.56E-07,3.13E-07,6.25E-07,1.25E-06,2.50E-06,5.00E-06,1.00E-05,M
107,17,Cisplatin,6.40E-10,3.20E-09,1.60E-08,8.00E-08,4.00E-07,2.00E-06,1.00E-05,5.00E-05,2.50E-04,M
116,21,Cisplatin,6.40E-10,3.20E-09,1.60E-08,8.00E-08,4.00E-07,2.00E-06,1.00E-05,5.00E-05,2.50E-04,M
128,30,Cisplatin,6.40E-10,3.20E-09,1.60E-08,8.00E-08,4.00E-07,2.00E-06,1.00E-05,5.00E-05,2.50E-04,M
134,35,Cisplatin,6.40E-10,3.20E-09,1.60E-08,8.00E-08,4.00E-07,2.00E-06,1.00E-05,5.00E-05,2.50E-04,M
166,49,Cisplatin,1.28E-09,6.40E-09,3.20E-08,1.60E-07,8.00E-07,4.00E-06,2.00E-05,1.00E-04,5.00E-04,M
311,130,Cisplatin,6.40E-10,3.20E-09,1.60E-08,8.00E-08,4.00E-07,2.00E-06,1.00E-05,5.00E-05,2.50E-04,M
314,131,Cisplatin,6.40E-10,3.20E-09,1.60E-08,8.00E-08,4.00E-07,2.00E-06,1.00E-05,5.00E-05,2.50E-04,M
61,200,Cisplatin,3.20E-10,1.60E-09,8.00E-09,4.00E-08,2.00E-07,1.00E-06,5.00E-06,2.50E-05,1.25E-04,M
101,13,CPT-11(EGFR-ILS),1.89E-10,9.45E-10,4.72E-09,2.36E-08,1.18E-07,5.90E-07,2.95E-06,1.48E-05,7.38E-05,M
143,38,CPT-11(EGFR-ILS),1.89E-10,9.45E-10,4.72E-09,2.36E-08,1.18E-07,5.90E-07,2.95E-06,1.48E-05,7.38E-05,M
302,127,CPT-11(EGFR-ILS),1.96E-10,9.82E-10,4.91E-09,2.45E-08,1.23E-07,6.14E-07,3.07E-06,1.53E-05,7.67E-05,M
85,7,CPT-11(FD),1.89E-10,9.45E-10,4.72E-09,2.36E-08,1.18E-07,5.90E-07,2.95E-06,1.48E-05,7.38E-05,M
131,34,CPT-11(FD),1.89E-10,9.45E-10,4.72E-09,2.36E-08,1.18E-07,5.90E-07,2.95E-06,1.48E-05,7.38E-05,M
154,43,CPT-11(FD),1.89E-10,9.45E-10,4.72E-09,2.36E-08,1.18E-07,5.90E-07,2.95E-06,1.48E-05,7.38E-05,M
163,47,CPT-11(FD),1.89E-10,9.45E-10,4.72E-09,2.36E-08,1.18E-07,5.90E-07,2.95E-06,1.48E-05,7.38E-05,M
217,77,CPT-11(FD),2.18E-10,1.09E-09,5.46E-09,2.73E-08,1.36E-07,6.82E-07,3.41E-06,1.71E-05,8.52E-05,M
220,78,CPT-11(FD),2.18E-10,1.09E-09,5.46E-09,2.73E-08,1.36E-07,6.82E-07,3.41E-06,1.71E-05,8.52E-05,M
286,121,CPT-11(FD),2.18E-10,1.09E-09,5.46E-09,2.73E-08,1.36E-07,6.82E-07,3.41E-06,1.71E-05,8.52E-05,M
102,13,CPT-11(HER2-ILS),1.89E-10,9.45E-10,4.72E-09,2.36E-08,1.18E-07,5.90E-07,2.95E-06,1.48E-05,7.38E-05,M
144,38,CPT-11(HER2-ILS),1.89E-10,9.45E-10,4.72E-09,2.36E-08,1.18E-07,5.90E-07,2.95E-06,1.48E-05,7.38E-05,M
303,127,CPT-11(HER2-ILS),2.18E-10,1.09E-09,5.46E-09,2.73E-08,1.36E-07,6.82E-07,3.41E-06,1.71E-05,8.52E-05,M
100,13,CPT-11(LS),1.89E-10,9.45E-10,4.72E-09,2.36E-08,1.18E-07,5.90E-07,2.95E-06,1.48E-05,7.38E-05,M
142,38,CPT-11(LS),1.89E-10,9.45E-10,4.72E-09,2.36E-08,1.18E-07,5.90E-07,2.95E-06,1.48E-05,7.38E-05,M
301,127,CPT-11(LS),2.18E-10,1.09E-09,5.46E-09,2.73E-08,1.36E-07,6.82E-07,3.41E-06,1.71E-05,8.52E-05,M
223,81,CT8,8.53E-11,4.27E-10,2.13E-09,1.07E-08,5.33E-08,2.67E-07,1.33E-06,6.67E-06,3.33E-05,M
226,82,CT8,8.53E-11,4.27E-10,2.13E-09,1.07E-08,5.33E-08,2.67E-07,1.33E-06,6.67E-06,3.33E-05,M
22,2,Dasatinib,8.53E-11,4.27E-10,2.13E-09,1.07E-08,5.33E-08,2.67E-07,1.33E-06,6.67E-06,3.33E-05,M
140,37,Diaryl Urea,8.53E-11,4.27E-10,2.13E-09,1.07E-08,5.33E-08,2.67E-07,1.33E-06,6.67E-06,3.33E-05,M
5,174,Disulfiram,1.71E-10,8.53E-10,4.27E-09,2.13E-08,1.07E-07,5.33E-07,2.67E-06,1.33E-05,6.67E-05,M
429,212,DMSO,8.53E-11,4.27E-10,2.13E-09,1.07E-08,5.33E-08,2.67E-07,1.33E-06,6.67E-06,3.33E-05,M
23,2,Docetaxel,2.56E-11,1.28E-10,6.40E-10,3.20E-09,1.60E-08,8.00E-08,4.00E-07,2.00E-06,1.00E-05,M
46,192,Docetaxel,2.56E-11,1.28E-10,6.40E-10,3.20E-09,1.60E-08,8.00E-08,4.00E-07,2.00E-06,1.00E-05,M
52,199,Docetaxel,8.53E-11,4.27E-10,2.13E-09,1.07E-08,5.33E-08,2.67E-07,1.33E-06,6.67E-06,3.33E-05,M
88,9,Doxo(EGFR-ILS),2.21E-10,1.10E-09,5.52E-09,2.76E-08,1.38E-07,6.90E-07,3.45E-06,1.72E-05,8.62E-05,M
148,41,Doxo(EGFR-ILS),2.21E-10,1.10E-09,5.52E-09,2.76E-08,1.38E-07,6.90E-07,3.45E-06,1.72E-05,8.62E-05,M
304,128,Doxo(EGFR-ILS),1.41E-10,7.07E-10,3.53E-09,1.77E-08,8.83E-08,4.42E-07,2.21E-06,1.10E-05,5.52E-05,M
307,129,Doxo(EGFR-ILS),1.06E-10,5.30E-10,2.65E-09,1.32E-08,6.62E-08,3.31E-07,1.66E-06,8.28E-06,4.14E-05,M
89,9,Doxo(HER2-ILS),2.21E-10,1.10E-09,5.52E-09,2.76E-08,1.38E-07,6.90E-07,3.45E-06,1.72E-05,8.62E-05,M
149,41,Doxo(HER2-ILS),2.21E-10,1.10E-09,5.52E-09,2.76E-08,1.38E-07,6.90E-07,3.45E-06,1.72E-05,8.62E-05,M
305,128,Doxo(HER2-ILS),2.36E-10,1.18E-09,5.89E-09,2.94E-08,1.47E-07,7.36E-07,3.68E-06,1.84E-05,9.20E-05,M
308,129,Doxo(HER2-ILS),2.36E-10,1.18E-09,5.89E-09,2.94E-08,1.47E-07,7.36E-07,3.68E-06,1.84E-05,9.20E-05,M
33,190,Doxorubicin,1.41E-12,7.04E-12,3.52E-11,1.76E-10,8.80E-10,4.40E-09,2.20E-08,1.10E-07,5.50E-07,M
54,199,Doxorubicin,8.53E-12,4.27E-11,2.13E-10,1.07E-09,5.33E-09,2.67E-08,1.33E-07,6.67E-07,3.33E-06,M
86,7,Doxorubicin(FD),2.21E-10,1.10E-09,5.52E-09,2.76E-08,1.38E-07,6.90E-07,3.45E-06,1.72E-05,8.62E-05,M
132,34,Doxorubicin(FD),2.21E-10,1.10E-09,5.52E-09,2.76E-08,1.38E-07,6.90E-07,3.45E-06,1.72E-05,8.62E-05,M
155,43,Doxorubicin(FD),2.21E-10,1.10E-09,5.52E-09,2.76E-08,1.38E-07,6.90E-07,3.45E-06,1.72E-05,8.62E-05,M
164,47,Doxorubicin(FD),2.21E-10,1.10E-09,5.52E-09,2.76E-08,1.38E-07,6.90E-07,3.45E-06,1.72E-05,8.62E-05,M
218,77,Doxorubicin(FD),2.36E-10,1.18E-09,5.89E-09,2.94E-08,1.47E-07,7.36E-07,3.68E-06,1.84E-05,9.20E-05,M
221,78,Doxorubicin(FD),2.36E-10,1.18E-09,5.89E-09,2.94E-08,1.47E-07,7.36E-07,3.68E-06,1.84E-05,9.20E-05,M
287,121,Doxorubicin(FD),2.36E-10,1.18E-09,5.89E-09,2.94E-08,1.47E-07,7.36E-07,3.68E-06,1.84E-05,9.20E-05,M
90,9,Doxorubicin(LS),2.21E-10,1.10E-09,5.52E-09,2.76E-08,1.38E-07,6.90E-07,3.45E-06,1.72E-05,8.62E-05,M
150,41,Doxorubicin(LS),2.21E-10,1.10E-09,5.52E-09,2.76E-08,1.38E-07,6.90E-07,3.45E-06,1.72E-05,8.62E-05,M
306,128,Doxorubicin(LS),2.36E-10,1.18E-09,5.89E-09,2.94E-08,1.47E-07,7.36E-07,3.68E-06,1.84E-05,9.20E-05,M
309,129,Doxorubicin(LS),2.36E-10,1.18E-09,5.89E-09,2.94E-08,1.47E-07,7.36E-07,3.68E-06,1.84E-05,9.20E-05,M
181,54,EGFR-CPT11-ILS3,1.89E-10,9.45E-10,4.72E-09,2.36E-08,1.18E-07,5.90E-07,2.95E-06,1.48E-05,7.38E-05,M
184,55,EGFR-Dox-ILS3,7.49E-11,3.74E-10,1.87E-09,9.36E-09,4.68E-08,2.34E-07,1.17E-06,5.85E-06,2.92E-05,M
178,53,EGFR-TPT-ILS3,1.40E-10,6.98E-10,3.49E-09,1.75E-08,8.73E-08,4.36E-07,2.18E-06,1.09E-05,5.45E-05,M
153,42,EMPTY WELLS,2.56E-09,1.28E-08,6.40E-08,3.20E-07,1.60E-06,8.00E-06,4.00E-05,2.00E-04,1.00E-03,M
276,101,EMPTY WELLS,2.56E-09,1.28E-08,6.40E-08,3.20E-07,1.60E-06,8.00E-06,4.00E-05,2.00E-04,1.00E-03,M
312,130,EMPTY WELLS,2.56E-09,1.28E-08,6.40E-08,3.20E-07,1.60E-06,8.00E-06,4.00E-05,2.00E-04,1.00E-03,M
318,132,EMPTY WELLS,2.56E-09,1.28E-08,6.40E-08,3.20E-07,1.60E-06,8.00E-06,4.00E-05,2.00E-04,1.00E-03,M
108,17,Epirubicin,4.41E-10,2.21E-09,1.10E-08,5.52E-08,2.76E-07,1.38E-06,6.90E-06,3.45E-05,1.72E-04,M
135,35,Epirubicin,4.41E-10,2.21E-09,1.10E-08,5.52E-08,2.76E-07,1.38E-06,6.90E-06,3.45E-05,1.72E-04,M
328,137,ERKi II (FR180304),8.53E-11,4.27E-10,2.13E-09,1.07E-08,5.33E-08,2.67E-07,1.33E-06,6.67E-06,3.33E-05,M
364,149,ERKi II (FR180304),8.53E-11,4.27E-10,2.13E-09,1.07E-08,5.33E-08,2.67E-07,1.33E-06,6.67E-06,3.33E-05,M
400,161,ERKi II (FR180304),2.56E-10,1.28E-09,6.40E-09,3.20E-08,1.60E-07,8.00E-07,4.00E-06,2.00E-05,1.00E-04,M
409,166,ERKi II (FR180304),2.56E-10,1.28E-09,6.40E-09,3.20E-08,1.60E-07,8.00E-07,4.00E-06,2.00E-05,1.00E-04,M
244,90,Erlotinib,1.71E-10,8.53E-10,4.27E-09,2.13E-08,1.07E-07,5.33E-07,2.67E-06,1.33E-05,6.67E-05,M
247,91,Erlotinib,1.71E-10,8.53E-10,4.27E-09,2.13E-08,1.07E-07,5.33E-07,2.67E-06,1.33E-05,6.67E-05,M
250,92,Erlotinib,8.53E-11,4.27E-10,2.13E-09,1.07E-08,5.33E-08,2.67E-07,1.33E-06,6.67E-06,3.33E-05,M
40,191,Erlotinib,1.71E-10,8.53E-10,4.27E-09,2.13E-08,1.07E-07,5.33E-07,2.67E-06,1.33E-05,6.67E-05,M
209,74,Etoposide,8.53E-10,4.27E-09,2.13E-08,1.07E-07,5.33E-07,2.67E-06,1.33E-05,6.67E-05,3.33E-04,M
385,156,Everolimus,1.71E-10,8.53E-10,4.27E-09,2.13E-08,1.07E-07,5.33E-07,2.67E-06,1.33E-05,6.67E-05,M
403,164,Everolimus,1.71E-10,8.53E-10,4.27E-09,2.13E-08,1.07E-07,5.33E-07,2.67E-06,1.33E-05,6.67E-05,M
229,84,Fascaplysin,8.53E-11,4.27E-10,2.13E-09,1.07E-08,5.33E-08,2.67E-07,1.33E-06,6.67E-06,3.33E-05,M
232,85,Fascaplysin,8.53E-11,4.27E-10,2.13E-09,1.07E-08,5.33E-08,2.67E-07,1.33E-06,6.67E-06,3.33E-05,M
48,192,Fascaplysin,8.53E-11,4.27E-10,2.13E-09,1.07E-08,5.33E-08,2.67E-07,1.33E-06,6.67E-06,3.33E-05,M
79,3,Fluvastatin,8.53E-11,4.27E-10,2.13E-09,1.07E-08,5.33E-08,2.67E-07,1.33E-06,6.67E-06,3.33E-05,M
172,51,Fluvastatin,8.53E-11,4.27E-10,2.13E-09,1.07E-08,5.33E-08,2.67E-07,1.33E-06,6.67E-06,3.33E-05,M
343,142,FTase inhibitor I,8.53E-11,4.27E-10,2.13E-09,1.07E-08,5.33E-08,2.67E-07,1.33E-06,6.67E-06,3.33E-05,M
379,154,FTase inhibitor I,8.53E-11,4.27E-10,2.13E-09,1.07E-08,5.33E-08,2.67E-07,1.33E-06,6.67E-06,3.33E-05,M
412,167,FTase inhibitor I,1.71E-10,8.53E-10,4.27E-09,2.13E-08,1.07E-07,5.33E-07,2.67E-06,1.33E-05,6.67E-05,M
57,195,Gamma-secretase inhibitor,8.53E-11,4.27E-10,2.13E-09,1.07E-08,5.33E-08,2.67E-07,1.33E-06,6.67E-06,3.33E-05,M
97,12,Geldanamycin,2.56E-10,1.28E-09,6.40E-09,3.20E-08,1.60E-07,8.00E-07,4.00E-06,2.00E-05,1.00E-04,M
118,24,Geldanamycin,2.56E-10,1.28E-09,6.40E-09,3.20E-08,1.60E-07,8.00E-07,4.00E-06,2.00E-05,1.00E-04,M
146,40,Geldanamycin,2.56E-10,1.28E-09,6.40E-09,3.20E-08,1.60E-07,8.00E-07,4.00E-06,2.00E-05,1.00E-04,M
167,49,Geldanamycin,2.56E-10,1.28E-09,6.40E-09,3.20E-08,1.60E-07,8.00E-07,4.00E-06,2.00E-05,1.00E-04,M
95,11,Gemcitabine,3.70E-10,1.85E-09,9.25E-09,4.62E-08,2.31E-07,1.16E-06,5.78E-06,2.89E-05,1.44E-04,M
129,30,Gemcitabine,3.25E-10,1.62E-09,8.12E-09,4.06E-08,2.03E-07,1.01E-06,5.07E-06,2.54E-05,1.27E-04,M
212,75,Gemcitabine,1.85E-09,9.24E-09,4.62E-08,2.31E-07,1.16E-06,5.78E-06,2.89E-05,1.44E-04,7.22E-04,M
281,119,Gemcitabine,1.85E-08,9.24E-08,4.62E-07,2.31E-06,1.15E-05,5.77E-05,2.89E-04,1.44E-03,7.22E-03,M
284,120,Gemcitabine,1.68E-10,8.40E-10,4.20E-09,2.10E-08,1.05E-07,5.25E-07,2.62E-06,1.31E-05,6.56E-05,M
315,131,Gemcitabine,1.85E-08,9.24E-08,4.62E-07,2.31E-06,1.16E-05,5.78E-05,2.89E-04,1.44E-03,7.22E-03,M
62,200,Gemcitabine,1.85E-09,9.24E-09,4.62E-08,2.31E-07,1.16E-06,5.78E-06,2.89E-05,1.44E-04,7.22E-04,M
331,138,Glycyl H1152,8.53E-11,4.27E-10,2.13E-09,1.07E-08,5.33E-08,2.67E-07,1.33E-06,6.67E-06,3.33E-05,M
367,150,Glycyl H1152,8.53E-11,4.27E-10,2.13E-09,1.07E-08,5.33E-08,2.67E-07,1.33E-06,6.67E-06,3.33E-05,M
397,160,Glycyl H1152,1.71E-10,8.53E-10,4.27E-09,2.13E-08,1.07E-07,5.33E-07,2.67E-06,1.33E-05,6.67E-05,M
418,169,Glycyl H1152,1.71E-10,8.53E-10,4.27E-09,2.13E-08,1.07E-07,5.33E-07,2.67E-06,1.33E-05,6.67E-05,M
262,96,GM6001,8.53E-11,4.27E-10,2.13E-09,1.07E-08,5.33E-08,2.67E-07,1.33E-06,6.67E-06,3.33E-05,M
242,88,GW5074,8.53E-11,4.27E-10,2.13E-09,1.07E-08,5.33E-08,2.67E-07,1.33E-06,6.67E-06,3.33E-05,M
334,139,GW843682X,8.53E-11,4.27E-10,2.13E-09,1.07E-08,5.33E-08,2.67E-07,1.33E-06,6.67E-06,3.33E-05,M
182,54,HER2-CPT11-ILS3,1.89E-10,9.45E-10,4.72E-09,2.36E-08,1.18E-07,5.90E-07,2.95E-06,1.48E-05,7.38E-05,M
185,55,HER2-Dox-ILS3,2.21E-10,1.10E-09,5.52E-09,2.76E-08,1.38E-07,6.90E-07,3.45E-06,1.72E-05,8.62E-05,M
179,53,HER2-TPT-ILS3,2.79E-10,1.40E-09,6.99E-09,3.49E-08,1.75E-07,8.73E-07,4.37E-06,2.18E-05,1.09E-04,M
123,26,Herceptin,1.84E-11,9.22E-11,4.61E-10,2.30E-09,1.15E-08,5.76E-08,2.88E-07,1.44E-06,7.20E-06,M
278,102,Herceptin,1.84E-11,9.22E-11,4.61E-10,2.30E-09,1.15E-08,5.76E-08,2.88E-07,1.44E-06,7.20E-06,M
291,122,Herceptin,1.84E-11,9.22E-11,4.61E-10,2.30E-09,1.15E-08,5.76E-08,2.88E-07,1.44E-06,7.20E-06,M
294,123,Herceptin,1.84E-11,9.22E-11,4.61E-10,2.30E-09,1.15E-08,5.76E-08,2.88E-07,1.44E-06,7.20E-06,M
297,124,Herceptin,1.84E-11,9.22E-11,4.61E-10,2.30E-09,1.15E-08,5.76E-08,2.88E-07,1.44E-06,7.20E-06,M
347,143,Ibandronate sodium salt,3.84E-09,1.92E-08,9.60E-08,4.80E-07,2.40E-06,1.20E-05,6.00E-05,3.00E-04,1.50E-03,M
335,139,ICRF-193,8.53E-11,4.27E-10,2.13E-09,1.07E-08,5.33E-08,2.67E-07,1.33E-06,6.67E-06,3.33E-05,M
371,151,ICRF-193,8.53E-11,4.27E-10,2.13E-09,1.07E-08,5.33E-08,2.67E-07,1.33E-06,6.67E-06,3.33E-05,M
389,157,ICRF-193,1.28E-10,6.40E-10,3.20E-09,1.60E-08,8.00E-08,4.00E-07,2.00E-06,1.00E-05,5.00E-05,M
425,171,ICRF-193,8.53E-11,4.27E-10,2.13E-09,1.07E-08,5.33E-08,2.67E-07,1.33E-06,6.67E-06,3.33E-05,M
253,93,IKK 16,1.71E-10,8.53E-10,4.27E-09,2.13E-08,1.07E-07,5.33E-07,2.67E-06,1.33E-05,6.67E-05,M
271,100,IKK 16,1.71E-10,8.53E-10,4.27E-09,2.13E-08,1.07E-07,5.33E-07,2.67E-06,1.33E-05,6.67E-05,M
246,90,Imatinib,1.45E-09,7.23E-09,3.62E-08,1.81E-07,9.04E-07,4.52E-06,2.26E-05,1.13E-04,5.65E-04,M
249,91,Imatinib,1.45E-09,7.23E-09,3.62E-08,1.81E-07,9.04E-07,4.52E-06,2.26E-05,1.13E-04,5.65E-04,M
252,92,Imatinib,1.45E-09,7.23E-09,3.62E-08,1.81E-07,9.04E-07,4.52E-06,2.26E-05,1.13E-04,5.65E-04,M
104,16,Iressa,8.53E-11,4.27E-10,2.13E-09,1.07E-08,5.33E-08,2.67E-07,1.33E-06,6.67E-06,3.33E-05,M
113,19,Iressa,8.53E-11,4.27E-10,2.13E-09,1.07E-08,5.33E-08,2.67E-07,1.33E-06,6.67E-06,3.33E-05,M
120,24,Iressa,8.53E-11,4.27E-10,2.13E-09,1.07E-08,5.33E-08,2.67E-07,1.33E-06,6.67E-06,3.33E-05,M
158,44,Iressa,8.53E-11,4.27E-10,2.13E-09,1.07E-08,5.33E-08,2.67E-07,1.33E-06,6.67E-06,3.33E-05,M
168,49,Iressa,8.53E-11,4.27E-10,2.13E-09,1.07E-08,5.33E-08,2.67E-07,1.33E-06,6.67E-06,3.33E-05,M
316,132,Iressa,8.53E-11,4.27E-10,2.13E-09,1.07E-08,5.33E-08,2.67E-07,1.33E-06,6.67E-06,3.33E-05,M
53,199,Iressa,8.53E-11,4.27E-10,2.13E-09,1.07E-08,5.33E-08,2.67E-07,1.33E-06,6.67E-06,3.33E-05,M
257,94,Ixabepilone,5.05E-10,2.53E-09,1.26E-08,6.32E-08,3.16E-07,1.58E-06,7.89E-06,3.95E-05,1.97E-04,M
260,95,Ixabepilone,1.01E-10,5.05E-10,2.52E-09,1.26E-08,6.31E-08,3.16E-07,1.58E-06,7.89E-06,3.94E-05,M
63,200,Ixabepilone,5.06E-10,2.53E-09,1.26E-08,6.32E-08,3.16E-07,1.58E-06,7.90E-06,3.95E-05,1.98E-04,M
224,81,JH175,8.53E-11,4.27E-10,2.13E-09,1.07E-08,5.33E-08,2.67E-07,1.33E-06,6.67E-06,3.33E-05,M
227,82,JH175,8.53E-11,4.27E-10,2.13E-09,1.07E-08,5.33E-08,2.67E-07,1.33E-06,6.67E-06,3.33E-05,M
274,101,JH175,8.53E-11,4.27E-10,2.13E-09,1.07E-08,5.33E-08,2.67E-07,1.33E-06,6.67E-06,3.33E-05,M
225,81,JH381,8.53E-11,4.27E-10,2.13E-09,1.07E-08,5.33E-08,2.67E-07,1.33E-06,6.67E-06,3.33E-05,M
228,82,JH381,8.53E-11,4.27E-10,2.13E-09,1.07E-08,5.33E-08,2.67E-07,1.33E-06,6.67E-06,3.33E-05,M
275,101,JH381,8.53E-11,4.27E-10,2.13E-09,1.07E-08,5.33E-08,2.67E-07,1.33E-06,6.67E-06,3.33E-05,M
16,184,KSH-3023,8.53E-11,4.27E-10,2.13E-09,1.07E-08,5.33E-08,2.67E-07,1.33E-06,6.67E-06,3.33E-05,M
18,184,KSH-3040,8.53E-11,4.27E-10,2.13E-09,1.07E-08,5.33E-08,2.67E-07,1.33E-06,6.67E-06,3.33E-05,M
69,205,L67,8.53E-11,4.27E-10,2.13E-09,1.07E-08,5.33E-08,2.67E-07,1.33E-06,6.67E-06,3.33E-05,M
380,154,LBH589,8.53E-11,4.27E-10,2.13E-09,1.07E-08,5.33E-08,2.67E-07,1.33E-06,6.67E-06,3.33E-05,M
413,167,LBH589,8.53E-11,4.27E-10,2.13E-09,1.07E-08,5.33E-08,2.67E-07,1.33E-06,6.67E-06,3.33E-05,M
39,194,LBH589,1.28E-10,6.40E-10,3.20E-09,1.60E-08,8.00E-08,4.00E-07,2.00E-06,1.00E-05,5.00E-05,M
344,142,Lestaurtinib(CEP-701),2.56E-10,1.28E-09,6.40E-09,3.20E-08,1.60E-07,8.00E-07,4.00E-06,2.00E-05,1.00E-04,M
381,154,Lestaurtinib(CEP-701),8.53E-11,4.27E-10,2.13E-09,1.07E-08,5.33E-08,2.67E-07,1.33E-06,6.67E-06,3.33E-05,M
414,167,Lestaurtinib(CEP-701),8.53E-11,4.27E-10,2.13E-09,1.07E-08,5.33E-08,2.67E-07,1.33E-06,6.67E-06,3.33E-05,M
80,3,Lovastatin,8.53E-11,4.27E-10,2.13E-09,1.07E-08,5.33E-08,2.67E-07,1.33E-06,6.67E-06,3.33E-05,M
173,51,Lovastatin,2.13E-10,1.07E-09,5.33E-09,2.67E-08,1.33E-07,6.67E-07,3.33E-06,1.67E-05,8.33E-05,M
125,29,LY294002,2.56E-10,1.28E-09,6.40E-09,3.20E-08,1.60E-07,8.00E-07,4.00E-06,2.00E-05,1.00E-04,M
6,174,Mebendazole,1.71E-10,8.53E-10,4.27E-09,2.13E-08,1.07E-07,5.33E-07,2.67E-06,1.33E-05,6.67E-05,M
230,84,Methotrexate,8.53E-10,4.27E-09,2.13E-08,1.07E-07,5.33E-07,2.67E-06,1.33E-05,6.67E-05,3.33E-04,M
233,85,Methotrexate,8.53E-10,4.27E-09,2.13E-08,1.07E-07,5.33E-07,2.67E-06,1.33E-05,6.67E-05,3.33E-04,M
17,184,Methyl Glyoxol,1.38E-07,6.91E-07,3.46E-06,1.73E-05,8.64E-05,4.32E-04,2.16E-03,1.08E-02,5.40E-02,M
352,145,MG-132,1.71E-10,8.53E-10,4.27E-09,2.13E-08,1.07E-07,5.33E-07,2.67E-06,1.33E-05,6.67E-05,M
421,170,MG-132,1.71E-10,8.53E-10,4.27E-09,2.13E-08,1.07E-07,5.33E-07,2.67E-06,1.33E-05,6.67E-05,M
10,175,MI-147,8.53E-11,4.27E-10,2.13E-09,1.07E-08,5.33E-08,2.67E-07,1.33E-06,6.67E-06,3.33E-05,M
7,176,MI-219,8.53E-11,4.27E-10,2.13E-09,1.07E-08,5.33E-08,2.67E-07,1.33E-06,6.67E-06,3.33E-05,M
141,37,NDGA,8.53E-11,4.27E-10,2.13E-09,1.07E-08,5.33E-08,2.67E-07,1.33E-06,6.67E-06,3.33E-05,M
4,174,Nelfinavir,8.53E-11,4.27E-10,2.13E-09,1.07E-08,5.33E-08,2.67E-07,1.33E-06,6.67E-06,3.33E-05,M
353,145,Nilotinib,5.12E-10,2.56E-09,1.28E-08,6.40E-08,3.20E-07,1.60E-06,8.00E-06,4.00E-05,2.00E-04,M
422,170,Nilotinib,5.12E-10,2.56E-09,1.28E-08,6.40E-08,3.20E-07,1.60E-06,8.00E-06,4.00E-05,2.00E-04,M
204,72,NSC338258,4.27E-11,2.13E-10,1.07E-09,5.33E-09,2.67E-08,1.33E-07,6.67E-07,3.33E-06,1.67E-05,M
207,73,NSC338258,4.27E-11,2.13E-10,1.07E-09,5.33E-09,2.67E-08,1.33E-07,6.67E-07,3.33E-06,1.67E-05,M
338,140,NSC663284,4.27E-10,2.13E-09,1.07E-08,5.33E-08,2.67E-07,1.33E-06,6.67E-06,3.33E-05,1.67E-04,M
373,152,NSC663284,4.27E-10,2.13E-09,1.07E-08,5.33E-08,2.67E-07,1.33E-06,6.67E-06,3.33E-05,1.67E-04,M
394,159,NSC663284,4.27E-10,2.13E-09,1.07E-08,5.33E-08,2.67E-07,1.33E-06,6.67E-06,3.33E-05,1.67E-04,M
183,54,NT-CPT11-LS3,1.89E-10,9.45E-10,4.72E-09,2.36E-08,1.18E-07,5.90E-07,2.95E-06,1.48E-05,7.38E-05,M
186,55,NT-Dox-ILS3,2.21E-10,1.10E-09,5.52E-09,2.76E-08,1.38E-07,6.90E-07,3.45E-06,1.72E-05,8.62E-05,M
180,53,NT-TPT-LS3,2.79E-10,1.40E-09,6.99E-09,3.49E-08,1.75E-07,8.73E-07,4.37E-06,2.18E-05,1.09E-04,M
358,147,NU6102,1.71E-10,8.53E-10,4.27E-09,2.13E-08,1.07E-07,5.33E-07,2.67E-06,1.33E-05,6.67E-05,M
359,147,Olomoucine II,3.41E-10,1.71E-09,8.53E-09,4.27E-08,2.13E-07,1.07E-06,5.33E-06,2.67E-05,1.33E-04,M
96,11,Oxaliplatin,1.61E-09,8.05E-09,4.03E-08,2.01E-07,1.01E-06,5.03E-06,2.52E-05,1.26E-04,6.29E-04,M
117,21,Oxaliplatin,1.61E-09,8.05E-09,4.03E-08,2.01E-07,1.01E-06,5.03E-06,2.52E-05,1.26E-04,6.29E-04,M
213,75,Oxaliplatin,1.61E-09,8.06E-09,4.03E-08,2.01E-07,1.01E-06,5.04E-06,2.52E-05,1.26E-04,6.29E-04,M
282,119,Oxaliplatin,1.61E-09,8.05E-09,4.03E-08,2.01E-07,1.01E-06,5.03E-06,2.52E-05,1.26E-04,6.29E-04,M
285,120,Oxaliplatin,1.61E-09,8.05E-09,4.03E-08,2.01E-07,1.01E-06,5.03E-06,2.52E-05,1.26E-04,6.29E-04,M
360,147,Oxamflatin,1.71E-10,8.53E-10,4.27E-09,2.13E-08,1.07E-07,5.33E-07,2.67E-06,1.33E-05,6.67E-05,M
24,2,Paclitaxel,8.53E-11,4.27E-10,2.13E-09,1.07E-08,5.33E-08,2.67E-07,1.33E-06,6.67E-06,3.33E-05,M
254,93,PD173074,8.53E-11,4.27E-10,2.13E-09,1.07E-08,5.33E-08,2.67E-07,1.33E-06,6.67E-06,3.33E-05,M
272,100,PD173074,1.71E-10,8.53E-10,4.27E-09,2.13E-08,1.07E-07,5.33E-07,2.67E-06,1.33E-05,6.67E-05,M
59,196,PD173074,1.71E-10,8.53E-10,4.27E-09,2.13E-08,1.07E-07,5.33E-07,2.67E-06,1.33E-05,6.67E-05,M
357,146,PD184352,1.71E-10,8.53E-10,4.27E-09,2.13E-08,1.07E-07,5.33E-07,2.67E-06,1.33E-05,6.67E-05,M
384,155,PD184352,8.53E-11,4.27E-10,2.13E-09,1.07E-08,5.33E-08,2.67E-07,1.33E-06,6.67E-06,3.33E-05,M
326,136,PD98059(LC Labs),2.56E-10,1.28E-09,6.40E-09,3.20E-08,1.60E-07,8.00E-07,4.00E-06,2.00E-05,1.00E-04,M
374,152,PD98059(LC Labs),1.28E-10,6.40E-10,3.20E-09,1.60E-08,8.00E-08,4.00E-07,2.00E-06,1.00E-05,5.00E-05,M
395,159,PD98059(LC Labs),2.56E-10,1.28E-09,6.40E-09,3.20E-08,1.60E-07,8.00E-07,4.00E-06,2.00E-05,1.00E-04,M
329,137,PD98059(Sigma),2.56E-10,1.28E-09,6.40E-09,3.20E-08,1.60E-07,8.00E-07,4.00E-06,2.00E-05,1.00E-04,M
365,149,PD98059(Sigma),1.28E-10,6.40E-10,3.20E-09,1.60E-08,8.00E-08,4.00E-07,2.00E-06,1.00E-05,5.00E-05,M
401,161,PD98059(Sigma),2.56E-10,1.28E-09,6.40E-09,3.20E-08,1.60E-07,8.00E-07,4.00E-06,2.00E-05,1.00E-04,M
410,166,PD98059(Sigma),1.28E-10,6.40E-10,3.20E-09,1.60E-08,8.00E-08,4.00E-07,2.00E-06,1.00E-05,5.00E-05,M
258,94,Pemetrexed,7.49E-09,3.74E-08,1.87E-07,9.36E-07,4.68E-06,2.34E-05,1.17E-04,5.85E-04,2.92E-03,M
261,95,Pemetrexed,7.49E-09,3.74E-08,1.87E-07,9.36E-07,4.68E-06,2.34E-05,1.17E-04,5.85E-04,2.92E-03,M
74,202,PIK90,3.91E-08,7.81E-08,1.56E-07,3.13E-07,6.25E-07,1.25E-06,2.50E-06,5.00E-06,1.00E-05,M
430,211,PP242 hydrate,1.28E-10,6.40E-10,3.20E-09,1.60E-08,8.00E-08,4.00E-07,2.00E-06,1.00E-05,5.00E-05,M
235,86,private_company_drug_1604,8.53E-11,4.27E-10,2.13E-09,1.07E-08,5.33E-08,2.67E-07,1.33E-06,6.67E-06,3.33E-05,M
238,87,private_company_drug_1604,1.71E-10,8.53E-10,4.27E-09,2.13E-08,1.07E-07,5.33E-07,2.67E-06,1.33E-05,6.67E-05,M
196,70,private_company_drug_1693,4.27E-11,2.13E-10,1.07E-09,5.33E-09,2.67E-08,1.33E-07,6.67E-07,3.33E-06,1.67E-05,M
199,71,private_company_drug_1693,8.53E-12,4.27E-11,2.13E-10,1.07E-09,5.33E-09,2.67E-08,1.33E-07,6.67E-07,3.33E-06,M
203,72,private_company_drug_1945,1.71E-10,8.53E-10,4.27E-09,2.13E-08,1.07E-07,5.33E-07,2.67E-06,1.33E-05,6.67E-05,M
206,73,private_company_drug_2172,8.53E-11,4.27E-10,2.13E-09,1.07E-08,5.33E-08,2.67E-07,1.33E-06,6.67E-06,3.33E-05,M
78,1,private_company_drug_2220,8.53E-11,4.27E-10,2.13E-09,1.07E-08,5.33E-08,2.67E-07,1.33E-06,6.67E-06,3.33E-05,M
241,88,private_company_drug_2459,8.53E-11,4.27E-10,2.13E-09,1.07E-08,5.33E-08,2.67E-07,1.33E-06,6.67E-06,3.33E-05,M
71,203,private_company_drug_2461,1.71E-10,8.53E-10,4.27E-09,2.13E-08,1.07E-07,5.33E-07,2.67E-06,1.33E-05,6.67E-05,M
191,66,private_company_drug_2498,1.71E-10,8.53E-10,4.27E-09,2.13E-08,1.07E-07,5.33E-07,2.67E-06,1.33E-05,6.67E-05,M
265,98,private_company_drug_2643,4.27E-11,2.13E-10,1.07E-09,5.33E-09,2.67E-08,1.33E-07,6.67E-07,3.33E-06,1.67E-05,M
198,70,private_company_drug_2931,1.71E-10,8.53E-10,4.27E-09,2.13E-08,1.07E-07,5.33E-07,2.67E-06,1.33E-05,6.67E-05,M
201,71,private_company_drug_2931,3.07E-10,1.54E-09,7.68E-09,3.84E-08,1.92E-07,9.60E-07,4.80E-06,2.40E-05,1.20E-04,M
245,90,private_company_drug_2931,3.41E-10,1.71E-09,8.53E-09,4.27E-08,2.13E-07,1.07E-06,5.33E-06,2.67E-05,1.33E-04,M
248,91,private_company_drug_2931,3.41E-10,1.71E-09,8.53E-09,4.27E-08,2.13E-07,1.07E-06,5.33E-06,2.67E-05,1.33E-04,M
251,92,private_company_drug_2931,1.71E-10,8.53E-10,4.27E-09,2.13E-08,1.07E-07,5.33E-07,2.67E-06,1.33E-05,6.67E-05,M
266,98,private_company_drug_2931,1.71E-10,8.53E-10,4.27E-09,2.13E-08,1.07E-07,5.33E-07,2.67E-06,1.33E-05,6.67E-05,M
256,94,private_company_drug_3098,2.56E-09,1.28E-08,6.40E-08,3.20E-07,1.60E-06,8.00E-06,4.00E-05,2.00E-04,1.00E-03,M
259,95,private_company_drug_3098,1.81E-09,9.06E-09,4.53E-08,2.26E-07,1.13E-06,5.66E-06,2.83E-05,1.41E-04,7.08E-04,M
323,135,private_company_drug_3104,1.71E-10,8.53E-10,4.27E-09,2.13E-08,1.07E-07,5.33E-07,2.67E-06,1.33E-05,6.67E-05,M
362,148,private_company_drug_3104,1.71E-10,8.53E-10,4.27E-09,2.13E-08,1.07E-07,5.33E-07,2.67E-06,1.33E-05,6.67E-05,M
322,135,private_company_drug_3432,8.53E-11,4.27E-10,2.13E-09,1.07E-08,5.33E-08,2.67E-07,1.33E-06,6.67E-06,3.33E-05,M
361,148,private_company_drug_3432,8.53E-11,4.27E-10,2.13E-09,1.07E-08,5.33E-08,2.67E-07,1.33E-06,6.67E-06,3.33E-05,M
243,88,private_company_drug_3509,8.53E-11,4.27E-10,2.13E-09,1.07E-08,5.33E-08,2.67E-07,1.33E-06,6.67E-06,3.33E-05,M
99,12,private_company_drug_3560,4.27E-11,2.13E-10,1.07E-09,5.33E-09,2.67E-08,1.33E-07,6.67E-07,3.33E-06,1.67E-05,M
119,24,private_company_drug_3560,4.27E-11,2.13E-10,1.07E-09,5.33E-09,2.67E-08,1.33E-07,6.67E-07,3.33E-06,1.67E-05,M
137,36,private_company_drug_3560,4.27E-11,2.13E-10,1.07E-09,5.33E-09,2.67E-08,1.33E-07,6.67E-07,3.33E-06,1.67E-05,M
171,50,private_company_drug_3560,4.27E-11,2.13E-10,1.07E-09,5.33E-09,2.67E-08,1.33E-07,6.67E-07,3.33E-06,1.67E-05,M
428,212,private_company_drug_3832,8.53E-11,4.27E-10,2.13E-09,1.07E-08,5.33E-08,2.67E-07,1.33E-06,6.67E-06,3.33E-05,M
200,71,private_company_drug_4258,8.53E-12,4.27E-11,2.13E-10,1.07E-09,5.33E-09,2.67E-08,1.33E-07,6.67E-07,3.33E-06,M
20,185,private_company_drug_4881,1.71E-10,8.53E-10,4.27E-09,2.13E-08,1.07E-07,5.33E-07,2.67E-06,1.33E-05,6.67E-05,M
13,186,private_company_drug_5045,8.53E-11,4.27E-10,2.13E-09,1.07E-08,5.33E-08,2.67E-07,1.33E-06,6.67E-06,3.33E-05,M
387,156,private_company_drug_5177,8.53E-11,4.27E-10,2.13E-09,1.07E-08,5.33E-08,2.67E-07,1.33E-06,6.67E-06,3.33E-05,M
405,164,private_company_drug_5177,1.71E-10,8.53E-10,4.27E-09,2.13E-08,1.07E-07,5.33E-07,2.67E-06,1.33E-05,6.67E-05,M
98,12,private_company_drug_5834,3.41E-10,1.71E-09,8.53E-09,4.27E-08,2.13E-07,1.07E-06,5.33E-06,2.67E-05,1.33E-04,M
147,40,private_company_drug_5834,3.41E-10,1.71E-09,8.53E-09,4.27E-08,2.13E-07,1.07E-06,5.33E-06,2.67E-05,1.33E-04,M
170,50,private_company_drug_5834,3.41E-10,1.71E-09,8.53E-09,4.27E-08,2.13E-07,1.07E-06,5.33E-06,2.67E-05,1.33E-04,M
9,176,private_company_drug_6156,8.53E-11,4.27E-10,2.13E-09,1.07E-08,5.33E-08,2.67E-07,1.33E-06,6.67E-06,3.33E-05,M
19,185,private_company_drug_6939,1.71E-10,8.53E-10,4.27E-09,2.13E-08,1.07E-07,5.33E-07,2.67E-06,1.33E-05,6.67E-05,M
386,156,private_company_drug_7270,8.53E-11,4.27E-10,2.13E-09,1.07E-08,5.33E-08,2.67E-07,1.33E-06,6.67E-06,3.33E-05,M
404,164,private_company_drug_7270,1.71E-10,8.53E-10,4.27E-09,2.13E-08,1.07E-07,5.33E-07,2.67E-06,1.33E-05,6.67E-05,M
342,141,private_company_drug_7344,1.71E-10,8.53E-10,4.27E-09,2.13E-08,1.07E-07,5.33E-07,2.67E-06,1.33E-05,6.67E-05,M
378,153,private_company_drug_7344,8.53E-11,4.27E-10,2.13E-09,1.07E-08,5.33E-08,2.67E-07,1.33E-06,6.67E-06,3.33E-05,M
236,86,private_company_drug_7388,8.53E-11,4.27E-10,2.13E-09,1.07E-08,5.33E-08,2.67E-07,1.33E-06,6.67E-06,3.33E-05,M
239,87,private_company_drug_7388,1.71E-10,8.53E-10,4.27E-09,2.13E-08,1.07E-07,5.33E-07,2.67E-06,1.33E-05,6.67E-05,M
194,67,private_company_drug_7463,8.53E-11,4.27E-10,2.13E-09,1.07E-08,5.33E-08,2.67E-07,1.33E-06,6.67E-06,3.33E-05,M
70,203,private_company_drug_7590,1.71E-10,8.53E-10,4.27E-09,2.13E-08,1.07E-07,5.33E-07,2.67E-06,1.33E-05,6.67E-05,M
237,86,private_company_drug_8271,8.53E-11,4.27E-10,2.13E-09,1.07E-08,5.33E-08,2.67E-07,1.33E-06,6.67E-06,3.33E-05,M
240,87,private_company_drug_8271,8.53E-11,4.27E-10,2.13E-09,1.07E-08,5.33E-08,2.67E-07,1.33E-06,6.67E-06,3.33E-05,M
21,185,private_company_drug_8435,1.71E-10,8.53E-10,4.27E-09,2.13E-08,1.07E-07,5.33E-07,2.67E-06,1.33E-05,6.67E-05,M
76,1,private_company_drug_8437,8.53E-11,4.27E-10,2.13E-09,1.07E-08,5.33E-08,2.67E-07,1.33E-06,6.67E-06,3.33E-05,M
77,1,private_company_drug_8461,8.53E-11,4.27E-10,2.13E-09,1.07E-08,5.33E-08,2.67E-07,1.33E-06,6.67E-06,3.33E-05,M
83,6,private_company_drug_8648,1.28E-08,6.40E-08,3.20E-07,1.60E-06,8.00E-06,4.00E-05,2.00E-04,1.00E-03,5.00E-03,M
110,18,private_company_drug_8648,1.28E-08,6.40E-08,3.20E-07,1.60E-06,8.00E-06,4.00E-05,2.00E-04,1.00E-03,5.00E-03,M
122,26,private_company_drug_8648,1.28E-08,6.40E-08,3.20E-07,1.60E-06,8.00E-06,4.00E-05,2.00E-04,1.00E-03,5.00E-03,M
130,34,private_company_drug_8648,1.28E-08,6.40E-08,3.20E-07,1.60E-06,8.00E-06,4.00E-05,2.00E-04,1.00E-03,5.00E-03,M
176,52,private_company_drug_8648,1.28E-09,6.40E-09,3.20E-08,1.60E-07,8.00E-07,4.00E-06,2.00E-05,1.00E-04,5.00E-04,M
290,122,private_company_drug_8648,8.53E-11,4.27E-10,2.13E-09,1.07E-08,5.33E-08,2.67E-07,1.33E-06,6.67E-06,3.33E-05,M
293,123,private_company_drug_8648,2.56E-10,1.28E-09,6.40E-09,3.20E-08,1.60E-07,8.00E-07,4.00E-06,2.00E-05,1.00E-04,M
296,124,private_company_drug_8648,1.28E-09,6.40E-09,3.20E-08,1.60E-07,8.00E-07,4.00E-06,2.00E-05,1.00E-04,5.00E-04,M
299,125,private_company_drug_8648,1.28E-08,6.40E-08,3.20E-07,1.60E-06,8.00E-06,4.00E-05,2.00E-04,1.00E-03,5.00E-03,M
431,211,private_company_drug_8887,1.28E-10,6.40E-10,3.20E-09,1.60E-08,8.00E-08,4.00E-07,2.00E-06,1.00E-05,5.00E-05,M
427,212,private_company_drug_9155,8.53E-11,4.27E-10,2.13E-09,1.07E-08,5.33E-08,2.67E-07,1.33E-06,6.67E-06,3.33E-05,M
267,98,private_company_drug_9182,4.27E-11,2.13E-10,1.07E-09,5.33E-09,2.67E-08,1.33E-07,6.67E-07,3.33E-06,1.67E-05,M
192,66,private_company_drug_9499,1.71E-10,8.53E-10,4.27E-09,2.13E-08,1.07E-07,5.33E-07,2.67E-06,1.33E-05,6.67E-05,M
197,70,private_company_drug_9729,4.27E-11,2.13E-10,1.07E-09,5.33E-09,2.67E-08,1.33E-07,6.67E-07,3.33E-06,1.67E-05,M
187,65,PS-1145,4.85E-09,2.43E-08,1.21E-07,6.06E-07,3.03E-06,1.52E-05,7.58E-05,3.79E-04,1.89E-03,M
193,67,Purvalanol A,4.27E-10,2.13E-09,1.07E-08,5.33E-08,2.67E-07,1.33E-06,6.67E-06,3.33E-05,1.67E-04,M
263,96,QNZ,8.53E-11,4.27E-10,2.13E-09,1.07E-08,5.33E-08,2.67E-07,1.33E-06,6.67E-06,3.33E-05,M
330,137,Rafi IV (L779450),8.53E-11,4.27E-10,2.13E-09,1.07E-08,5.33E-08,2.67E-07,1.33E-06,6.67E-06,3.33E-05,M
366,149,Rafi IV (L779450),8.53E-11,4.27E-10,2.13E-09,1.07E-08,5.33E-08,2.67E-07,1.33E-06,6.67E-06,3.33E-05,M
402,161,Rafi IV (L779450),1.28E-10,6.40E-10,3.20E-09,1.60E-08,8.00E-08,4.00E-07,2.00E-06,1.00E-05,5.00E-05,M
411,166,Rafi IV (L779450),8.53E-11,4.27E-10,2.13E-09,1.07E-08,5.33E-08,2.67E-07,1.33E-06,6.67E-06,3.33E-05,M
29,68,Rapamycin,4.27E-10,2.13E-09,1.07E-08,5.33E-08,2.67E-07,1.33E-06,6.67E-06,3.33E-05,1.67E-04,M
26,69,Rapamycin,8.53E-11,4.27E-10,2.13E-09,1.07E-08,5.33E-08,2.67E-07,1.33E-06,6.67E-06,3.33E-05,M
41,191,Rapamycin,4.27E-10,2.13E-09,1.07E-08,5.33E-08,2.67E-07,1.33E-06,6.67E-06,3.33E-05,1.67E-04,M
432,211,Ribavirin,1.28E-10,6.40E-10,3.20E-09,1.60E-08,8.00E-08,4.00E-07,2.00E-06,1.00E-05,5.00E-05,M
345,142,Ro 32-0432,8.53E-11,4.27E-10,2.13E-09,1.07E-08,5.33E-08,2.67E-07,1.33E-06,6.67E-06,3.33E-05,M
188,65,SAHA (Vorinostat),4.80E-08,2.40E-07,1.20E-06,6.00E-06,3.00E-05,1.50E-04,7.50E-04,3.75E-03,1.87E-02,M
47,192,SAHA (Vorinostat),6.40E-10,3.20E-09,1.60E-08,8.00E-08,4.00E-07,2.00E-06,1.00E-05,5.00E-05,2.50E-04,M
349,144,SB-3CT,2.56E-10,1.28E-09,6.40E-09,3.20E-08,1.60E-07,8.00E-07,4.00E-06,2.00E-05,1.00E-04,M
415,168,SB-3CT,4.27E-10,2.13E-09,1.07E-08,5.33E-08,2.67E-07,1.33E-06,6.67E-06,3.33E-05,1.67E-04,M
81,3,Simvastatin,8.53E-11,4.27E-10,2.13E-09,1.07E-08,5.33E-08,2.67E-07,1.33E-06,6.67E-06,3.33E-05,M
174,51,Simvastatin,8.53E-11,4.27E-10,2.13E-09,1.07E-08,5.33E-08,2.67E-07,1.33E-06,6.67E-06,3.33E-05,M
354,145,SKI-606(Bosutinib),2.56E-10,1.28E-09,6.40E-09,3.20E-08,1.60E-07,8.00E-07,4.00E-06,2.00E-05,1.00E-04,M
423,170,SKI-606(Bosutinib),8.53E-11,4.27E-10,2.13E-09,1.07E-08,5.33E-08,2.67E-07,1.33E-06,6.67E-06,3.33E-05,M
11,175,SM-164,8.53E-11,4.27E-10,2.13E-09,1.07E-08,5.33E-08,2.67E-07,1.33E-06,6.67E-06,3.33E-05,M
12,175,SM-406,8.53E-11,4.27E-10,2.13E-09,1.07E-08,5.33E-08,2.67E-07,1.33E-06,6.67E-06,3.33E-05,M
64,204,SMDC304358,2.56E-11,1.28E-10,6.40E-10,3.20E-09,1.60E-08,8.00E-08,4.00E-07,2.00E-06,1.00E-05,M
65,204,SMDC304404,2.56E-11,1.28E-10,6.40E-10,3.20E-09,1.60E-08,8.00E-08,4.00E-07,2.00E-06,1.00E-05,M
66,204,SMDC529928,2.56E-11,1.28E-10,6.40E-10,3.20E-09,1.60E-08,8.00E-08,4.00E-07,2.00E-06,1.00E-05,M
8,176,Sodium Dichloroacetate,8.53E-12,4.27E-11,2.13E-10,1.07E-09,5.33E-09,2.67E-08,1.33E-07,6.67E-07,3.33E-06,M
231,84,Sorafenib,2.56E-09,1.28E-08,6.40E-08,3.20E-07,1.60E-06,8.00E-06,4.00E-05,2.00E-04,1.00E-03,M
234,85,Sorafenib,8.53E-10,4.27E-09,2.13E-08,1.07E-07,5.33E-07,2.67E-06,1.33E-05,6.67E-05,3.33E-04,M
327,136,Sulindac sulfide,3.41E-10,1.71E-09,8.53E-09,4.27E-08,2.13E-07,1.07E-06,5.33E-06,2.67E-05,1.33E-04,M
195,67,Sunitinib Malate,4.27E-10,2.13E-09,1.07E-08,5.33E-08,2.67E-07,1.33E-06,6.67E-06,3.33E-05,1.67E-04,M
105,16,Tamoxifen,4.27E-10,2.13E-09,1.07E-08,5.33E-08,2.67E-07,1.33E-06,6.67E-06,3.33E-05,1.67E-04,M
114,19,Tamoxifen,4.27E-10,2.13E-09,1.07E-08,5.33E-08,2.67E-07,1.33E-06,6.67E-06,3.33E-05,1.67E-04,M
159,44,Tamoxifen,4.27E-10,2.13E-09,1.07E-08,5.33E-08,2.67E-07,1.33E-06,6.67E-06,3.33E-05,1.67E-04,M
317,132,Tamoxifen,4.27E-10,2.13E-09,1.07E-08,5.33E-08,2.67E-07,1.33E-06,6.67E-06,3.33E-05,1.67E-04,M
58,196,Tamoxifen,4.27E-10,2.13E-09,1.07E-08,5.33E-08,2.67E-07,1.33E-06,6.67E-06,3.33E-05,1.67E-04,M
264,96,TAPI-0 (IC-1),8.53E-11,4.27E-10,2.13E-09,1.07E-08,5.33E-08,2.67E-07,1.33E-06,6.67E-06,3.33E-05,M
350,144,TCS JNK 5a,3.41E-10,1.71E-09,8.53E-09,4.27E-08,2.13E-07,1.07E-06,5.33E-06,2.67E-05,1.33E-04,M
416,168,TCS JNK 5a,5.12E-10,2.56E-09,1.28E-08,6.40E-08,3.20E-07,1.60E-06,8.00E-06,4.00E-05,2.00E-04,M
324,135,TCS PIM-11,3.41E-10,1.71E-09,8.53E-09,4.27E-08,2.13E-07,1.07E-06,5.33E-06,2.67E-05,1.33E-04,M
363,148,TCS PIM-11,1.71E-10,8.53E-10,4.27E-09,2.13E-08,1.07E-07,5.33E-07,2.67E-06,1.33E-05,6.67E-05,M
339,140,TCS2312 dihydrochloride,8.53E-11,4.27E-10,2.13E-09,1.07E-08,5.33E-08,2.67E-07,1.33E-06,6.67E-06,3.33E-05,M
375,152,TCS2312 dihydrochloride,8.53E-11,4.27E-10,2.13E-09,1.07E-08,5.33E-08,2.67E-07,1.33E-06,6.67E-06,3.33E-05,M
396,159,TCS2312 dihydrochloride,8.53E-11,4.27E-10,2.13E-09,1.07E-08,5.33E-08,2.67E-07,1.33E-06,6.67E-06,3.33E-05,M
351,144,Temsirolimus(Torisel),3.41E-10,1.71E-09,8.53E-09,4.27E-08,2.13E-07,1.07E-06,5.33E-06,2.67E-05,1.33E-04,M
417,168,Temsirolimus(Torisel),3.41E-10,1.71E-09,8.53E-09,4.27E-08,2.13E-07,1.07E-06,5.33E-06,2.67E-05,1.33E-04,M
42,191,Temsirolimus(Torisel),3.41E-10,1.71E-09,8.53E-09,4.27E-08,2.13E-07,1.07E-06,5.33E-06,2.67E-05,1.33E-04,M
35,189,Thiostrepton,2.13E-10,1.07E-09,5.33E-09,2.67E-08,1.33E-07,6.67E-07,3.33E-06,1.67E-05,8.33E-05,M
255,93,TPCA-1,1.71E-10,8.53E-10,4.27E-09,2.13E-08,1.07E-07,5.33E-07,2.67E-06,1.33E-05,6.67E-05,M
273,100,TPCA-1,3.41E-10,1.71E-09,8.53E-09,4.27E-08,2.13E-07,1.07E-06,5.33E-06,2.67E-05,1.33E-04,M
44,193,TPCA-1,1.71E-10,8.53E-10,4.27E-09,2.13E-08,1.07E-07,5.33E-07,2.67E-06,1.33E-05,6.67E-05,M
91,10,TPT(EGFR-ILS),1.25E-10,6.27E-10,3.14E-09,1.57E-08,7.84E-08,3.92E-07,1.96E-06,9.80E-06,4.90E-05,M
160,46,TPT(EGFR-ILS),1.25E-10,6.27E-10,3.14E-09,1.57E-08,7.84E-08,3.92E-07,1.96E-06,9.80E-06,4.90E-05,M
319,133,TPT(EGFR-ILS),1.12E-10,5.59E-10,2.80E-09,1.40E-08,6.99E-08,3.50E-07,1.75E-06,8.74E-06,4.37E-05,M
87,7,TPT(FD),2.79E-10,1.40E-09,6.99E-09,3.49E-08,1.75E-07,8.73E-07,4.37E-06,2.18E-05,1.09E-04,M
156,43,TPT(FD),2.79E-10,1.40E-09,6.99E-09,3.49E-08,1.75E-07,8.73E-07,4.37E-06,2.18E-05,1.09E-04,M
165,47,TPT(FD),2.79E-10,1.40E-09,6.99E-09,3.49E-08,1.75E-07,8.73E-07,4.37E-06,2.18E-05,1.09E-04,M
219,77,TPT(FD),2.80E-10,1.40E-09,6.99E-09,3.49E-08,1.75E-07,8.74E-07,4.37E-06,2.18E-05,1.09E-04,M
222,78,TPT(FD),2.80E-10,1.40E-09,6.99E-09,3.49E-08,1.75E-07,8.74E-07,4.37E-06,2.18E-05,1.09E-04,M
288,121,TPT(FD),2.80E-10,1.40E-09,6.99E-09,3.49E-08,1.75E-07,8.74E-07,4.37E-06,2.18E-05,1.09E-04,M
92,10,TPT(HER2-ILS),2.79E-10,1.40E-09,6.99E-09,3.49E-08,1.75E-07,8.73E-07,4.37E-06,2.18E-05,1.09E-04,M
161,46,TPT(HER2-ILS),2.79E-10,1.40E-09,6.99E-09,3.49E-08,1.75E-07,8.73E-07,4.37E-06,2.18E-05,1.09E-04,M
320,133,TPT(HER2-ILS),2.80E-10,1.40E-09,6.99E-09,3.49E-08,1.75E-07,8.74E-07,4.37E-06,2.18E-05,1.09E-04,M
93,10,TPT(LS),2.79E-10,1.40E-09,6.99E-09,3.49E-08,1.75E-07,8.73E-07,4.37E-06,2.18E-05,1.09E-04,M
162,46,TPT(LS),2.79E-10,1.40E-09,6.99E-09,3.49E-08,1.75E-07,8.73E-07,4.37E-06,2.18E-05,1.09E-04,M
321,133,TPT(LS),2.80E-10,1.40E-09,6.99E-09,3.49E-08,1.75E-07,8.74E-07,4.37E-06,2.18E-05,1.09E-04,M
189,65,Trichostatin A,1.28E-08,6.40E-08,3.20E-07,1.60E-06,8.00E-06,4.00E-05,2.00E-04,1.00E-03,5.00E-03,M
126,29,UO126,1.71E-10,8.53E-10,4.27E-09,2.13E-08,1.07E-07,5.33E-07,2.67E-06,1.33E-05,6.67E-05,M
348,143,Valproic acid,3.84E-08,1.92E-07,9.60E-07,4.80E-06,2.40E-05,1.20E-04,6.00E-04,3.00E-03,1.50E-02,M
84,6,Vinorelbine,1.19E-09,5.93E-09,2.97E-08,1.48E-07,7.42E-07,3.71E-06,1.85E-05,9.27E-05,4.63E-04,M
111,18,Vinorelbine,1.19E-10,5.93E-10,2.97E-09,1.48E-08,7.42E-08,3.71E-07,1.85E-06,9.27E-06,4.64E-05,M
152,42,Vinorelbine,1.19E-10,5.93E-10,2.97E-09,1.48E-08,7.42E-08,3.71E-07,1.85E-06,9.27E-06,4.64E-05,M
177,52,Vinorelbine,1.19E-10,5.93E-10,2.97E-09,1.48E-08,7.42E-08,3.71E-07,1.85E-06,9.27E-06,4.64E-05,M
300,125,Vinorelbine,8.22E-10,4.11E-09,2.05E-08,1.03E-07,5.14E-07,2.57E-06,1.28E-05,6.42E-05,3.21E-04,M
332,138,VX-680,2.56E-10,1.28E-09,6.40E-09,3.20E-08,1.60E-07,8.00E-07,4.00E-06,2.00E-05,1.00E-04,M
368,150,VX-680,8.53E-11,4.27E-10,2.13E-09,1.07E-08,5.33E-08,2.67E-07,1.33E-06,6.67E-06,3.33E-05,M
398,160,VX-680,8.53E-11,4.27E-10,2.13E-09,1.07E-08,5.33E-08,2.67E-07,1.33E-06,6.67E-06,3.33E-05,M
419,169,VX-680,2.56E-10,1.28E-09,6.40E-09,3.20E-08,1.60E-07,8.00E-07,4.00E-06,2.00E-05,1.00E-04,M
45,193,VX-680,8.53E-11,4.27E-10,2.13E-09,1.07E-08,5.33E-08,2.67E-07,1.33E-06,6.67E-06,3.33E-05,M
336,139,XRP44X,3.41E-10,1.71E-09,8.53E-09,4.27E-08,2.13E-07,1.07E-06,5.33E-06,2.67E-05,1.33E-04,M
372,151,XRP44X,3.41E-10,1.71E-09,8.53E-09,4.27E-08,2.13E-07,1.07E-06,5.33E-06,2.67E-05,1.33E-04,M
390,157,XRP44X,3.41E-10,1.71E-09,8.53E-09,4.27E-08,2.13E-07,1.07E-06,5.33E-06,2.67E-05,1.33E-04,M
426,171,XRP44X,3.41E-10,1.71E-09,8.53E-09,4.27E-08,2.13E-07,1.07E-06,5.33E-06,2.67E-05,1.33E-04,M
34,189,Z-Leu-Leu-Leu-al,1.71E-10,8.53E-10,4.27E-09,2.13E-08,1.07E-07,5.33E-07,2.67E-06,1.33E-05,6.67E-05,M
36,189,Z-Leu-Leu-Norvalinal,1.71E-10,8.53E-10,4.27E-09,2.13E-08,1.07E-07,5.33E-07,2.67E-06,1.33E-05,6.67E-05,M
333,138,ZM447439,2.56E-10,1.28E-09,6.40E-09,3.20E-08,1.60E-07,8.00E-07,4.00E-06,2.00E-05,1.00E-04,M
369,150,ZM447439,8.53E-11,4.27E-10,2.13E-09,1.07E-08,5.33E-08,2.67E-07,1.33E-06,6.67E-06,3.33E-05,M
399,160,ZM447439,2.56E-10,1.28E-09,6.40E-09,3.20E-08,1.60E-07,8.00E-07,4.00E-06,2.00E-05,1.00E-04,M
420,169,ZM447439,1.28E-10,6.40E-10,3.20E-09,1.60E-08,8.00E-08,4.00E-07,2.00E-06,1.00E-05,5.00E-05,M