.	GI50	Subtype	GF pErk EGF:1 @T10	GF pErk EGF:1 @T30	GF pErk EGF:1 @T90	GF pErk EGF:100 @T10	GF pErk EGF:100 @T30	GF pErk EGF:100 @T90	GF pErk EPR:1 @T10	GF pErk EPR:1 @T30	GF pErk EPR:1 @T90	GF pErk EPR:100 @T10	GF pErk EPR:100 @T30	GF pErk EPR:100 @T90	GF pErk BTC:1 @T10	GF pErk BTC:1 @T30	GF pErk BTC:1 @T90	GF pErk BTC:100 @T10	GF pErk BTC:100 @T30	GF pErk BTC:100 @T90	GF pErk HRG:1 @T10	GF pErk HRG:1 @T30	GF pErk HRG:1 @T90	GF pErk HRG:100 @T10	GF pErk HRG:100 @T30	GF pErk HRG:100 @T90	GF pErk INS:1 @T10	GF pErk INS:1 @T30	GF pErk INS:1 @T90	GF pErk INS:100 @T10	GF pErk INS:100 @T30	GF pErk INS:100 @T90	GF pErk IGF-1:1 @T10	GF pErk IGF-1:1 @T30	GF pErk IGF-1:1 @T90	GF pErk IGF-1:100 @T10	GF pErk IGF-1:100 @T30	GF pErk IGF-1:100 @T90	GF pErk IGF-2:1 @T10	GF pErk IGF-2:1 @T30	GF pErk IGF-2:1 @T90	GF pErk IGF-2:100 @T10	GF pErk IGF-2:100 @T30	GF pErk IGF-2:100 @T90	GF pErk PDGFBB:1 @T10	GF pErk PDGFBB:1 @T30	GF pErk PDGFBB:1 @T90	GF pErk PDGFBB:100 @T10	GF pErk PDGFBB:100 @T30	GF pErk PDGFBB:100 @T90	GF pErk HGF:1 @T10	GF pErk HGF:1 @T30	GF pErk HGF:1 @T90	GF pErk HGF:100 @T10	GF pErk HGF:100 @T30	GF pErk HGF:100 @T90	GF pErk SCF:1 @T10	GF pErk SCF:1 @T30	GF pErk SCF:1 @T90	GF pErk SCF:100 @T10	GF pErk SCF:100 @T30	GF pErk SCF:100 @T90	GF pErk FGF1:1 @T10	GF pErk FGF1:1 @T30	GF pErk FGF1:1 @T90	GF pErk FGF1:100 @T10	GF pErk FGF1:100 @T30	GF pErk FGF1:100 @T90	GF pErk FGF2:1 @T10	GF pErk FGF2:1 @T30	GF pErk FGF2:1 @T90	GF pErk FGF2:100 @T10	GF pErk FGF2:100 @T30	GF pErk FGF2:100 @T90	GF pErk NGF:1 @T10	GF pErk NGF:1 @T30	GF pErk NGF:1 @T90	GF pErk NGF:100 @T10	GF pErk NGF:100 @T30	GF pErk NGF:100 @T90	GF pErk EFNA1:1 @T10	GF pErk EFNA1:1 @T30	GF pErk EFNA1:1 @T90	GF pErk EFNA1:100 @T10	GF pErk EFNA1:100 @T30	GF pErk EFNA1:100 @T90	GF pErk VEGFF:1 @T10	GF pErk VEGFF:1 @T30	GF pErk VEGFF:1 @T90	GF pErk VEGFF:100 @T10	GF pErk VEGFF:100 @T30	GF pErk VEGFF:100 @T90	GF pAkt EGF:1 @T10	GF pAkt EGF:1 @T30	GF pAkt EGF:1 @T90	GF pAkt EGF:100 @T10	GF pAkt EGF:100 @T30	GF pAkt EGF:100 @T90	GF pAkt EPR:1 @T10	GF pAkt EPR:1 @T30	GF pAkt EPR:1 @T90	GF pAkt EPR:100 @T10	GF pAkt EPR:100 @T30	GF pAkt EPR:100 @T90	GF pAkt BTC:1 @T10	GF pAkt BTC:1 @T30	GF pAkt BTC:1 @T90	GF pAkt BTC:100 @T10	GF pAkt BTC:100 @T30	GF pAkt BTC:100 @T90	GF pAkt HRG:1 @T10	GF pAkt HRG:1 @T30	GF pAkt HRG:1 @T90	GF pAkt HRG:100 @T10	GF pAkt HRG:100 @T30	GF pAkt HRG:100 @T90	GF pAkt INS:1 @T10	GF pAkt INS:1 @T30	GF pAkt INS:1 @T90	GF pAkt INS:100 @T10	GF pAkt INS:100 @T30	GF pAkt INS:100 @T90	GF pAkt IGF-1:1 @T10	GF pAkt IGF-1:1 @T30	GF pAkt IGF-1:1 @T90	GF pAkt IGF-1:100 @T10	GF pAkt IGF-1:100 @T30	GF pAkt IGF-1:100 @T90	GF pAkt IGF-2:1 @T10	GF pAkt IGF-2:1 @T30	GF pAkt IGF-2:1 @T90	GF pAkt IGF-2:100 @T10	GF pAkt IGF-2:100 @T30	GF pAkt IGF-2:100 @T90	GF pAkt PDGFBB:1 @T10	GF pAkt PDGFBB:1 @T30	GF pAkt PDGFBB:1 @T90	GF pAkt PDGFBB:100 @T10	GF pAkt PDGFBB:100 @T30	GF pAkt PDGFBB:100 @T90	GF pAkt HGF:1 @T10	GF pAkt HGF:1 @T30	GF pAkt HGF:1 @T90	GF pAkt HGF:100 @T10	GF pAkt HGF:100 @T30	GF pAkt HGF:100 @T90	GF pAkt SCF:1 @T10	GF pAkt SCF:1 @T30	GF pAkt SCF:1 @T90	GF pAkt SCF:100 @T10	GF pAkt SCF:100 @T30	GF pAkt SCF:100 @T90	GF pAkt FGF1:1 @T10	GF pAkt FGF1:1 @T30	GF pAkt FGF1:1 @T90	GF pAkt FGF1:100 @T10	GF pAkt FGF1:100 @T30	GF pAkt FGF1:100 @T90	GF pAkt FGF2:1 @T10	GF pAkt FGF2:1 @T30	GF pAkt FGF2:1 @T90	GF pAkt FGF2:100 @T10	GF pAkt FGF2:100 @T30	GF pAkt FGF2:100 @T90	GF pAkt NGF:1 @T10	GF pAkt NGF:1 @T30	GF pAkt NGF:1 @T90	GF pAkt NGF:100 @T10	GF pAkt NGF:100 @T30	GF pAkt NGF:100 @T90	GF pAkt EFNA1:1 @T10	GF pAkt EFNA1:1 @T30	GF pAkt EFNA1:1 @T90	GF pAkt EFNA1:100 @T10	GF pAkt EFNA1:100 @T30	GF pAkt EFNA1:100 @T90	GF pAkt VEGFF:1 @T10	GF pAkt VEGFF:1 @T30	GF pAkt VEGFF:1 @T90	GF pAkt VEGFF:100 @T10	GF pAkt VEGFF:100 @T30	GF pAkt VEGFF:100 @T90	GF pP38 EGF:1 @T10	GF pP38 EGF:1 @T30	GF pP38 EGF:1 @T90	GF pP38 EGF:100 @T10	GF pP38 EGF:100 @T30	GF pP38 EGF:100 @T90	GF pP38 EPR:1 @T10	GF pP38 EPR:1 @T30	GF pP38 EPR:1 @T90	GF pP38 EPR:100 @T10	GF pP38 EPR:100 @T30	GF pP38 EPR:100 @T90	GF pP38 BTC:1 @T10	GF pP38 BTC:1 @T30	GF pP38 BTC:1 @T90	GF pP38 BTC:100 @T10	GF pP38 BTC:100 @T30	GF pP38 BTC:100 @T90	GF pP38 HRG:1 @T10	GF pP38 HRG:1 @T30	GF pP38 HRG:1 @T90	GF pP38 HRG:100 @T10	GF pP38 HRG:100 @T30	GF pP38 HRG:100 @T90	GF pP38 INS:1 @T10	GF pP38 INS:1 @T30	GF pP38 INS:1 @T90	GF pP38 INS:100 @T10	GF pP38 INS:100 @T30	GF pP38 INS:100 @T90	GF pP38 IGF-1:1 @T10	GF pP38 IGF-1:1 @T30	GF pP38 IGF-1:1 @T90	GF pP38 IGF-1:100 @T10	GF pP38 IGF-1:100 @T30	GF pP38 IGF-1:100 @T90	GF pP38 IGF-2:1 @T10	GF pP38 IGF-2:1 @T30	GF pP38 IGF-2:1 @T90	GF pP38 IGF-2:100 @T10	GF pP38 IGF-2:100 @T30	GF pP38 IGF-2:100 @T90	GF pP38 PDGFBB:1 @T10	GF pP38 PDGFBB:1 @T30	GF pP38 PDGFBB:1 @T90	GF pP38 PDGFBB:100 @T10	GF pP38 PDGFBB:100 @T30	GF pP38 PDGFBB:100 @T90	GF pP38 HGF:1 @T10	GF pP38 HGF:1 @T30	GF pP38 HGF:1 @T90	GF pP38 HGF:100 @T10	GF pP38 HGF:100 @T30	GF pP38 HGF:100 @T90	GF pP38 SCF:1 @T10	GF pP38 SCF:1 @T30	GF pP38 SCF:1 @T90	GF pP38 SCF:100 @T10	GF pP38 SCF:100 @T30	GF pP38 SCF:100 @T90	GF pP38 FGF1:1 @T10	GF pP38 FGF1:1 @T30	GF pP38 FGF1:1 @T90	GF pP38 FGF1:100 @T10	GF pP38 FGF1:100 @T30	GF pP38 FGF1:100 @T90	GF pP38 FGF2:1 @T10	GF pP38 FGF2:1 @T30	GF pP38 FGF2:1 @T90	GF pP38 FGF2:100 @T10	GF pP38 FGF2:100 @T30	GF pP38 FGF2:100 @T90	GF pP38 NGF:1 @T10	GF pP38 NGF:1 @T30	GF pP38 NGF:1 @T90	GF pP38 NGF:100 @T10	GF pP38 NGF:100 @T30	GF pP38 NGF:100 @T90	GF pP38 EFNA1:1 @T10	GF pP38 EFNA1:1 @T30	GF pP38 EFNA1:1 @T90	GF pP38 EFNA1:100 @T10	GF pP38 EFNA1:100 @T30	GF pP38 EFNA1:100 @T90	GF pP38 VEGFF:1 @T10	GF pP38 VEGFF:1 @T30	GF pP38 VEGFF:1 @T90	GF pP38 VEGFF:100 @T10	GF pP38 VEGFF:100 @T30	GF pP38 VEGFF:100 @T90	GF pJNK EGF:1 @T10	GF pJNK EGF:1 @T30	GF pJNK EGF:1 @T90	GF pJNK EGF:100 @T10	GF pJNK EGF:100 @T30	GF pJNK EGF:100 @T90	GF pJNK EPR:1 @T10	GF pJNK EPR:1 @T30	GF pJNK EPR:1 @T90	GF pJNK EPR:100 @T10	GF pJNK EPR:100 @T30	GF pJNK EPR:100 @T90	GF pJNK BTC:1 @T10	GF pJNK BTC:1 @T30	GF pJNK BTC:1 @T90	GF pJNK BTC:100 @T10	GF pJNK BTC:100 @T30	GF pJNK BTC:100 @T90	GF pJNK HRG:1 @T10	GF pJNK HRG:1 @T30	GF pJNK HRG:1 @T90	GF pJNK HRG:100 @T10	GF pJNK HRG:100 @T30	GF pJNK HRG:100 @T90	GF pJNK INS:1 @T10	GF pJNK INS:1 @T30	GF pJNK INS:1 @T90	GF pJNK INS:100 @T10	GF pJNK INS:100 @T30	GF pJNK INS:100 @T90	GF pJNK IGF-1:1 @T10	GF pJNK IGF-1:1 @T30	GF pJNK IGF-1:1 @T90	GF pJNK IGF-1:100 @T10	GF pJNK IGF-1:100 @T30	GF pJNK IGF-1:100 @T90	GF pJNK IGF-2:1 @T10	GF pJNK IGF-2:1 @T30	GF pJNK IGF-2:1 @T90	GF pJNK IGF-2:100 @T10	GF pJNK IGF-2:100 @T30	GF pJNK IGF-2:100 @T90	GF pJNK PDGFBB:1 @T10	GF pJNK PDGFBB:1 @T30	GF pJNK PDGFBB:1 @T90	GF pJNK PDGFBB:100 @T10	GF pJNK PDGFBB:100 @T30	GF pJNK PDGFBB:100 @T90	GF pJNK HGF:1 @T10	GF pJNK HGF:1 @T30	GF pJNK HGF:1 @T90	GF pJNK HGF:100 @T10	GF pJNK HGF:100 @T30	GF pJNK HGF:100 @T90	GF pJNK SCF:1 @T10	GF pJNK SCF:1 @T30	GF pJNK SCF:1 @T90	GF pJNK SCF:100 @T10	GF pJNK SCF:100 @T30	GF pJNK SCF:100 @T90	GF pJNK FGF1:1 @T10	GF pJNK FGF1:1 @T30	GF pJNK FGF1:1 @T90	GF pJNK FGF1:100 @T10	GF pJNK FGF1:100 @T30	GF pJNK FGF1:100 @T90	GF pJNK FGF2:1 @T10	GF pJNK FGF2:1 @T30	GF pJNK FGF2:1 @T90	GF pJNK FGF2:100 @T10	GF pJNK FGF2:100 @T30	GF pJNK FGF2:100 @T90	GF pJNK NGF:1 @T10	GF pJNK NGF:1 @T30	GF pJNK NGF:1 @T90	GF pJNK NGF:100 @T10	GF pJNK NGF:100 @T30	GF pJNK NGF:100 @T90	GF pJNK EFNA1:1 @T10	GF pJNK EFNA1:1 @T30	GF pJNK EFNA1:1 @T90	GF pJNK EFNA1:100 @T10	GF pJNK EFNA1:100 @T30	GF pJNK EFNA1:100 @T90	GF pJNK VEGFF:1 @T10	GF pJNK VEGFF:1 @T30	GF pJNK VEGFF:1 @T90	GF pJNK VEGFF:100 @T10	GF pJNK VEGFF:100 @T30	GF pJNK VEGFF:100 @T90	
184B5	0.0	TNBC	0.390	0.411	0.321	0.613	0.587	0.382	-0.043	-0.032	0.138	0.586	0.514	0.393	0.437	0.451	0.406	0.619	0.534	0.207	-0.160	-0.106	0.312	0.126	0.055	-0.000	-0.056	-0.149	-0.028	0.020	-0.088	-0.066	0.109	-0.082	-0.034	0.325	0.041	0.037	0.021	-0.150	-0.065	0.178	-0.127	-0.082	-0.001	-0.140	-0.002	-0.064	-0.158	0.012	0.083	0.104	0.095	0.638	0.605	0.412	0.023	-0.072	0.053	-0.015	-0.153	-0.046	0.173	0.156	0.139	0.353	0.105	0.053	-0.072	-0.016	0.008	-0.023	0.024	0.006	-0.107	-0.054	0.017	0.033	0.005	0.040	-0.014	-0.016	-0.003	-0.032	-0.068	0.040	-0.077	-0.136	0.024	-0.063	-0.057	0.020	0.216	0.084	0.118	0.421	0.323	0.446	0.017	-0.016	0.030	0.323	0.095	0.136	0.188	0.025	0.056	0.419	0.277	0.148	0.056	0.014	0.078	0.341	0.228	0.216	0.092	-0.004	0.040	0.199	0.138	0.213	0.017	-0.040	0.017	0.526	0.491	0.487	0.000	-0.023	0.009	0.331	0.292	0.438	0.020	0.005	0.034	-0.004	0.056	0.024	0.025	0.058	0.027	0.389	0.403	0.379	0.025	0.037	0.033	-0.646	0.034	0.043	0.074	0.030	0.024	0.126	0.023	0.018	-0.050	-0.048	0.165	-0.061	-0.027	-0.031	-0.023	-0.054	0.077	0.012	-0.036	0.006	-0.059	-0.022	-0.028	-0.075	-0.063	-0.010	-0.081	0.012	-0.018	-0.044	-0.062	-0.012	-0.008	0.014	0.011	0.080	0.102	0.027	-0.044	-0.031	0.010	0.043	0.006	0.022	0.027	0.034	-0.012	0.127	0.060	0.026	0.014	0.022	0.011	0.010	-0.009	0.008	0.004	0.009	0.001	0.024	0.000	0.008	-0.001	0.006	0.020	0.030	-0.009	0.000	0.015	0.012	-0.018	0.018	0.016	0.061	0.002	0.005	-0.003	0.006	0.012	-0.014	0.001	0.002	0.019	0.083	0.087	0.019	-0.004	0.008	0.008	0.025	0.011	0.019	0.018	0.018	0.011	0.021	0.001	0.010	-0.045	-0.037	-0.027	-0.072	-0.033	-0.024	-0.008	-0.009	-0.023	0.007	-0.032	-0.006	-0.043	-0.007	-0.004	-0.018	-0.000	0.019	-0.069	-0.043	-0.053	-0.056	-0.004	-0.029	0.046	0.003	0.043	0.063	0.074	0.130	-0.030	0.028	0.045	0.118	0.003	-0.117	0.023	0.003	-0.010	0.067	-0.080	0.028	0.005	-0.019	0.012	-0.009	-0.021	-0.015	0.019	0.188	0.045	-0.003	-0.003	-0.018	0.033	-0.001	-0.002	0.017	0.020	-0.005	-0.036	0.109	0.029	-0.034	0.027	0.042	0.053	0.043	-0.023	0.099	0.046	0.040	0.017	-0.007	-0.005	0.088	0.085	0.063	-0.026	0.022	-0.037	0.360	0.025	0.489	-0.012	0.126	0.052	0.062	0.062	0.040	0.058	0.031	0.060	-0.014	0.214	-0.014	-0.024	0.037	0.073	0.089	0.075	-0.052	0.303	0.015	-0.008	0.054	-0.024	0.115	0.097	0.044	0.134	0.015	-0.002	0.014
AU-565	0.0	HER2amp	0.370	0.379	0.293	0.534	0.506	0.377	0.438	0.405	0.319	0.516	0.518	0.391	0.401	0.399	0.272	0.516	0.503	0.366	0.255	0.268	0.250	0.534	0.469	0.259	-0.008	-0.064	-0.077	-0.025	-0.016	-0.050	-0.015	-0.058	-0.046	-0.022	-0.050	-0.058	-0.024	-0.064	-0.035	-0.024	-0.035	-0.050	0.052	0.018	0.005	0.049	0.034	0.007	0.077	0.024	0.045	0.504	0.403	0.276	-0.028	-0.038	-0.072	-0.021	-0.036	-0.089	0.216	0.101	0.063	0.191	0.019	0.031	0.126	0.083	0.037	0.229	0.084	0.069	-0.035	-0.055	-0.075	-0.029	-0.063	-0.062	0.035	0.005	0.065	0.026	0.038	0.030	-0.036	-0.050	-0.079	0.038	-0.095	-0.043	0.086	0.067	-0.102	0.274	0.242	0.168	0.064	0.114	-0.061	0.229	0.240	0.153	0.065	0.049	-0.095	0.275	0.320	0.261	0.134	0.262	0.251	0.317	0.334	0.241	0.048	0.028	-0.007	0.015	0.060	0.047	0.030	0.027	0.035	0.016	0.039	0.044	0.024	0.031	0.051	-0.035	0.037	0.020	0.027	0.008	0.006	-0.018	0.028	-0.008	0.019	0.034	0.082	0.188	0.207	0.095	-0.023	-0.057	-0.015	-0.044	-0.024	0.033	-0.031	-0.021	-0.001	-0.043	0.044	0.034	-0.026	-0.046	-0.041	-0.051	0.024	-0.021	-0.022	-0.011	-0.076	-0.067	-0.032	-0.090	-0.017	-0.030	-0.008	-0.024	-0.015	0.012	-0.014	0.006	-0.016	-0.008	0.055	-0.057	0.114	0.018	-0.015	0.646	0.170	-0.004	0.101	0.034	0.003	0.612	0.158	0.008	0.150	0.063	0.016	0.592	0.220	0.010	0.015	0.052	-0.011	0.546	0.073	-0.041	0.010	0.015	0.006	0.005	0.045	0.007	-0.002	0.027	-0.005	-0.027	0.006	-0.039	0.005	0.022	0.023	0.006	0.023	-0.025	0.026	0.050	0.037	0.042	0.062	0.041	0.014	0.039	0.057	0.196	0.068	0.031	0.007	0.010	0.037	-0.003	0.026	0.018	-0.006	0.013	0.025	0.024	0.020	0.012	-0.014	0.022	0.023	0.018	-0.024	-0.024	-0.040	-0.024	-0.038	-0.006	0.003	-0.052	0.029	0.057	0.017	0.012	0.048	-0.058	-0.052	-0.022	-0.011	-0.045	-0.071	-0.031	0.094	0.085	0.089	0.349	0.242	0.096	0.102	0.107	0.095	0.297	0.266	0.096	0.116	0.091	0.235	0.310	0.251	0.079	0.062	0.050	0.058	0.275	0.177	0.068	0.020	0.021	0.026	0.021	0.020	0.018	0.011	0.001	0.013	0.008	0.138	-0.006	0.032	0.017	0.039	0.014	0.038	0.030	0.024	0.010	0.004	0.012	0.022	-0.003	0.013	0.009	0.008	0.201	0.139	0.047	0.015	0.042	0.010	0.222	0.020	-0.001	-0.002	0.014	0.039	0.031	0.015	0.013	-0.028	-0.002	0.011	0.038	0.003	0.011	0.027	0.018	0.079	0.033	0.038	0.020	0.069	0.033	0.009	0.022	0.045	0.022	-0.006	-0.007	0.013	0.022	0.021	0.007
BT-20	0.0	TNBC	0.980	0.834	0.733	0.921	0.936	0.808	1.017	0.802	0.881	0.933	0.981	0.852	0.949	0.775	0.765	0.936	0.926	0.781	0.466	0.518	0.615	0.893	0.784	0.591	0.006	-0.051	-0.024	0.059	-0.002	0.185	-0.054	-0.062	-0.012	0.051	0.049	-0.007	-0.043	-0.047	0.005	0.010	-0.007	0.087	0.040	0.002	0.024	0.052	-0.002	0.033	0.045	0.077	0.129	0.892	0.843	0.698	0.001	-0.029	0.122	0.041	0.011	-0.078	0.377	0.219	0.271	0.550	0.200	0.122	0.062	0.008	0.032	0.215	0.142	0.100	-0.097	-0.148	-0.181	-0.025	-0.147	-0.112	0.025	-0.010	0.054	0.051	-0.009	0.035	-0.086	-0.133	-0.184	-0.102	-0.158	-0.144	0.068	0.073	0.082	0.150	0.186	0.199	0.142	0.101	0.135	0.182	0.202	0.211	0.091	0.091	0.093	0.167	0.208	0.216	0.111	0.167	0.183	0.240	0.236	0.210	-0.022	-0.017	-0.011	-0.045	-0.003	-0.008	0.017	-0.040	-0.009	0.046	0.111	0.074	0.039	0.024	-0.014	0.010	0.066	0.096	0.027	0.007	-0.000	0.028	0.008	-0.035	0.074	0.033	0.024	0.158	0.130	0.139	0.022	-0.017	0.001	-0.013	-0.001	-0.033	0.039	0.025	0.055	0.057	0.012	0.024	-0.053	-0.028	-0.036	-0.021	-0.017	-0.026	-0.046	-0.043	-0.035	-0.034	-0.017	-0.032	-0.016	-0.024	-0.026	-0.051	-0.032	-0.040	-0.026	-0.035	-0.060	-0.061	-0.057	-0.023	0.116	0.065	-0.035	0.112	0.159	0.081	0.063	0.042	-0.018	0.122	0.121	0.040	0.042	0.001	0.038	0.095	0.132	0.022	0.033	0.064	-0.034	0.057	0.023	-0.021	-0.011	-0.020	-0.005	0.052	-0.025	0.090	0.014	-0.078	0.001	-0.010	0.085	0.195	-0.051	-0.073	0.016	0.028	-0.053	0.067	-0.005	-0.025	0.020	0.029	-0.024	0.003	0.000	0.000	0.026	0.105	0.051	0.033	-0.005	-0.084	0.007	-0.006	0.022	0.055	0.029	0.071	-0.010	0.016	0.030	-0.007	0.055	-0.010	0.010	0.033	0.056	0.011	-0.037	-0.079	-0.014	0.038	-0.039	0.057	0.012	0.031	0.014	-0.033	-0.011	0.030	0.117	-0.015	-0.051	0.126	0.020	-0.031	0.053	0.036	0.021	0.109	0.134	0.110	0.047	0.054	0.035	0.101	0.092	0.068	0.048	0.030	0.024	0.071	0.103	0.069	0.003	-0.025	-0.024	0.050	-0.016	0.010	0.023	0.047	0.043	0.030	0.032	0.009	0.031	0.030	0.025	0.041	0.028	0.001	0.044	0.007	0.033	0.019	0.053	-0.017	0.008	0.015	0.100	0.027	0.022	-0.023	0.024	0.009	0.019	0.020	0.010	0.039	0.033	0.025	0.044	0.014	0.020	0.050	0.016	-0.012	-0.047	0.003	-0.036	0.006	-0.024	-0.003	0.024	0.006	-0.009	0.003	0.023	0.005	0.019	0.024	0.001	0.010	0.006	0.004	-0.000	0.022	0.040	0.020	0.018	0.015	0.032	0.025	0.006	0.014
BT-474	0.0	HER2amp	0.284	0.194	0.307	0.721	0.521	0.318	0.254	0.170	0.254	0.715	0.594	0.491	0.457	0.370	0.390	0.820	0.687	0.491	0.492	0.438	0.657	0.907	0.906	0.753	0.083	0.110	0.106	0.019	0.047	0.146	0.078	0.039	0.025	0.022	0.025	0.057	0.129	0.025	0.024	0.051	0.037	0.103	0.091	0.043	0.020	0.013	0.058	0.051	0.115	0.058	0.115	0.446	0.283	0.245	0.139	0.044	0.048	0.085	0.102	0.147	0.213	0.030	0.219	0.413	0.222	0.103	0.274	0.056	0.334	0.473	0.327	0.273	0.053	0.065	0.080	0.039	0.040	0.069	0.090	0.073	0.043	0.054	0.124	0.100	-0.012	0.025	0.075	-0.048	0.016	0.058	0.072	0.009	0.013	0.221	0.118	0.196	0.106	0.060	0.032	0.246	0.137	0.173	0.100	0.082	0.074	0.430	0.419	0.470	0.147	0.239	0.403	0.496	0.500	0.535	0.030	0.023	0.028	0.031	-0.001	0.010	0.035	0.056	0.036	0.043	0.065	0.009	0.056	0.033	0.001	0.042	0.022	0.005	0.008	0.021	0.014	0.001	0.009	0.000	0.049	0.034	0.037	0.092	0.029	0.009	0.044	0.070	0.052	0.030	0.047	0.040	0.015	0.014	-0.028	0.022	0.013	0.022	0.037	-0.076	-0.012	0.017	-0.036	0.006	0.017	0.042	0.053	0.004	0.006	-0.065	0.010	-0.008	-0.002	-0.023	0.005	-0.046	0.030	-0.044	-0.023	0.064	-0.046	-0.025	0.005	-0.002	-0.018	0.184	0.074	-0.018	-0.003	-0.004	-0.010	0.171	0.098	0.019	0.033	0.048	0.025	0.204	0.105	0.062	0.122	0.089	0.091	0.175	0.224	0.101	-0.006	0.011	-0.016	0.002	-0.003	-0.005	0.028	0.001	0.016	0.003	0.022	-0.014	-0.024	0.017	0.029	-0.001	0.027	0.002	0.018	-0.020	0.006	0.035	0.021	0.013	0.015	0.042	-0.004	0.073	0.026	0.012	0.003	0.042	0.055	0.059	0.021	0.018	-0.017	-0.008	0.022	0.050	0.048	0.036	-0.043	-0.016	-0.006	0.036	0.023	0.009	-0.039	-0.001	-0.013	-0.017	0.010	-0.011	-0.019	-0.030	0.256	0.003	0.007	-0.031	-0.060	-0.083	-0.042	0.031	-0.060	-0.054	-0.009	0.001	-0.001	0.010	0.017	-0.019	-0.022	0.004	0.004	0.038	0.017	0.006	-0.004	0.009	-0.147	0.027	-0.028	-0.029	-0.010	-0.007	-0.120	0.288	-0.004	-0.076	-0.011	-0.053	0.000	-0.082	-0.011	0.008	-0.046	-0.145	-0.007	-0.130	-0.117	-0.006	-0.136	-0.143	0.004	-0.152	-0.109	0.014	0.001	-0.004	-0.019	0.013	0.011	0.022	0.002	-0.003	-0.009	-0.001	0.016	0.133	-0.015	-0.078	-0.019	-0.105	-0.028	-0.020	-0.045	-0.011	0.016	-0.013	-0.010	-0.003	-0.018	0.001	0.017	-0.009	-0.012	0.004	-0.001	-0.005	-0.005	0.003	0.086	-0.026	0.010	0.010	0.009	0.035	-0.000	-0.001	-0.025	-0.004	-0.015	-0.015	0.017	0.022
BT-483	0.0	HR+	0.547	0.508	0.595	1.338	0.848	0.509	0.194	0.073	0.124	1.029	0.673	0.631	1.176	0.872	0.712	1.351	0.756	0.462	1.148	1.255	1.234	1.518	1.460	1.331	0.099	0.037	-0.086	0.083	0.000	-0.008	0.090	0.062	-0.029	0.143	0.075	0.089	0.085	0.056	0.000	0.175	0.029	0.017	0.126	-0.050	-0.060	0.149	0.017	0.025	0.185	0.061	-0.048	0.262	0.067	-0.001	0.118	0.042	0.004	0.229	0.041	-0.081	0.530	0.446	0.614	1.134	0.857	0.889	0.917	0.735	0.816	1.164	0.920	0.910	0.040	-0.067	-0.069	-0.028	-0.100	-0.065	0.078	-0.019	-0.077	-0.000	-0.040	0.018	-0.091	-0.015	0.077	0.034	-0.037	-0.039	-0.037	0.042	0.123	0.215	0.086	0.117	-0.015	-0.001	0.051	0.066	0.089	0.080	0.065	0.018	0.012	0.349	0.323	0.432	0.353	0.470	0.520	0.656	0.622	0.592	0.017	-0.052	-0.028	-0.008	0.002	-0.024	-0.010	-0.005	-0.056	0.063	0.070	0.074	-0.010	-0.027	-0.065	0.006	-0.001	-0.010	-0.019	-0.053	-0.047	-0.017	-0.015	-0.080	-0.020	0.019	-0.025	0.008	0.000	-0.099	-0.018	-0.027	-0.070	-0.028	-0.010	-0.103	-0.038	0.033	0.066	0.023	0.077	0.085	-0.059	-0.021	0.021	-0.013	0.049	0.040	-0.050	-0.036	-0.095	-0.034	-0.042	-0.082	-0.005	-0.075	-0.065	-0.089	-0.084	-0.060	-0.116	-0.062	-0.042	-0.107	-0.050	-0.059	-0.055	-0.083	-0.035	0.029	-0.004	-0.031	-0.084	-0.065	-0.010	-0.022	0.059	-0.013	-0.023	-0.021	-0.027	0.052	-0.019	-0.029	-0.027	0.016	-0.063	0.082	0.042	-0.077	-0.034	-0.023	-0.027	0.006	-0.013	-0.059	0.001	-0.020	-0.034	-0.025	-0.043	-0.053	-0.002	-0.004	-0.035	0.010	-0.025	-0.064	0.045	0.008	-0.031	0.032	0.004	-0.035	0.029	0.011	0.035	0.031	-0.004	-0.017	0.011	-0.018	-0.039	-0.032	0.014	-0.062	0.005	0.042	0.021	0.016	0.026	0.034	0.007	-0.009	-0.001	0.020	0.031	0.002	-0.086	-0.068	-0.062	-0.044	-0.065	-0.057	-0.001	0.010	-0.000	-0.013	0.010	-0.048	-0.150	-0.104	-0.070	-0.093	-0.094	-0.091	-0.015	-0.001	0.010	0.067	0.010	0.011	-0.011	0.025	0.006	0.051	0.007	0.023	0.021	0.033	-0.006	0.090	-0.014	0.009	0.044	0.073	-0.042	0.143	0.071	-0.059	0.015	0.007	-0.007	0.043	-0.032	-0.018	0.024	-0.009	-0.022	0.021	-0.007	-0.006	-0.006	-0.008	-0.019	0.023	-0.011	-0.012	-0.012	-0.006	-0.047	-0.004	-0.014	-0.059	0.003	-0.008	-0.024	-0.005	-0.446	-0.024	0.010	-0.000	-0.037	0.010	-0.014	-0.044	-0.021	0.006	0.002	0.020	0.013	0.025	-0.021	0.009	0.005	0.010	-0.005	-0.031	-0.001	-0.001	-0.025	-0.020	-0.008	-0.034	-0.014	-0.017	-0.026	-0.041	-0.026	-0.034	-0.041	-0.027	-0.023	-0.027	-0.026	-0.021
BT-549	0.0	TNBC	0.060	0.075	0.324	0.874	0.732	0.341	-0.039	0.013	0.242	0.627	0.379	0.532	0.178	0.162	0.346	0.808	0.521	0.165	-0.085	-0.064	0.023	-0.037	-0.019	0.012	-0.013	-0.017	-0.080	-0.049	-0.022	-0.066	0.039	-0.025	-0.045	0.096	0.013	-0.061	0.086	-0.024	-0.053	-0.010	-0.071	-0.082	0.006	-0.034	-0.037	-0.010	-0.038	-0.084	0.079	-0.016	0.013	0.791	0.799	0.482	0.032	-0.023	-0.103	0.043	-0.092	-0.128	0.108	0.155	0.181	0.375	0.134	0.071	0.068	0.092	0.176	0.452	0.249	0.130	-0.080	-0.119	-0.029	-0.139	-0.053	-0.093	0.012	-0.098	-0.079	-0.070	-0.095	0.043	-0.003	-0.089	-0.097	-0.072	-0.120	-0.102	0.036	0.068	0.125	0.354	0.229	0.161	-0.007	0.065	0.075	0.202	0.100	0.098	0.025	0.089	0.112	0.260	0.199	0.114	-0.026	0.030	0.049	0.043	0.064	0.061	0.102	0.035	0.072	0.138	0.189	0.106	0.048	-0.006	0.051	0.284	0.352	0.264	0.046	0.069	0.022	0.182	0.186	0.186	0.038	-0.003	-0.004	0.048	0.016	-0.031	0.127	0.102	0.039	0.386	0.409	0.253	0.037	0.008	-0.010	0.043	0.014	-0.013	-0.014	-0.006	-0.017	0.043	0.036	0.013	-0.060	-0.012	-0.049	-0.029	-0.021	-0.028	0.041	0.040	0.023	0.011	-0.004	-0.036	-0.041	-0.043	-0.065	-0.047	-0.026	-0.077	-0.010	0.022	0.055	0.022	0.040	0.004	-0.001	0.032	0.041	0.180	0.151	0.018	-0.014	0.022	0.041	0.067	0.042	0.027	0.037	0.031	0.054	0.138	0.131	0.019	0.107	0.035	0.059	0.186	0.032	0.019	0.042	0.028	0.026	0.098	0.023	0.083	0.041	0.070	0.032	0.070	0.050	-0.014	0.041	0.085	0.033	0.064	0.032	0.079	0.087	0.102	0.065	0.074	0.023	-0.022	0.008	0.040	0.005	0.131	0.186	-0.024	0.094	0.054	0.064	0.096	0.058	-0.008	0.031	0.037	0.028	0.047	0.038	-0.010	-0.054	-0.038	-0.051	0.024	-0.013	-0.005	-0.025	-0.024	-0.000	-0.001	-0.024	-0.064	-0.036	-0.018	-0.015	-0.019	-0.022	-0.018	-0.085	-0.060	-0.009	-0.057	-0.062	-0.005	-0.038	0.077	0.006	0.002	0.036	0.014	-0.069	0.010	0.037	0.023	0.030	0.030	-0.039	0.034	0.030	0.024	0.025	0.026	-0.050	0.025	0.026	-0.004	0.034	0.022	0.004	0.122	-0.037	0.000	0.010	-0.067	0.036	-0.005	-0.015	-0.020	-0.004	0.001	0.005	-0.019	-0.009	-0.024	0.005	-0.056	0.003	0.008	-0.038	-0.009	-0.018	-0.031	0.010	-0.011	-0.021	0.019	0.008	-0.081	-0.006	-0.010	-0.001	0.033	0.002	0.036	-0.056	-0.039	-0.018	-0.023	0.007	0.012	-0.048	-0.059	-0.052	-0.079	-0.026	-0.047	-0.086	-0.083	-0.110	-0.093	-0.094	-0.047	-0.023	-0.038	-0.044	-0.048	-0.007	-0.073	-0.094	-0.061	-0.034	-0.052	-0.060	-0.062
CAMA-1	0.0	HR+	0.071	0.044	0.104	1.104	0.767	0.694	0.065	0.014	0.069	0.985	0.657	0.585	1.124	1.079	1.056	1.666	1.358	0.994	1.119	1.160	1.374	1.730	1.605	1.481	0.022	-0.007	0.031	0.048	0.063	-0.051	-0.009	-0.010	0.046	0.046	0.029	-0.031	-0.008	-0.019	0.013	0.008	0.007	-0.029	-0.041	-0.026	-0.009	0.004	0.002	-0.092	-0.050	-0.049	-0.043	0.041	0.015	-0.092	-0.019	-0.057	-0.036	-0.012	-0.028	-0.079	0.322	0.367	0.764	1.341	1.048	0.966	0.587	0.683	1.201	1.397	1.375	1.343	-0.101	-0.340	-0.128	0.117	-0.103	-0.177	-0.121	-0.132	-0.043	-0.102	-0.010	-0.089	0.038	-0.064	-0.042	-0.009	0.021	-0.051	0.026	0.045	0.049	0.097	0.148	0.153	0.038	0.045	0.045	0.105	0.109	0.127	0.043	0.125	0.140	0.238	0.260	0.262	0.176	0.280	0.339	0.325	0.372	0.353	0.010	0.034	0.026	0.028	0.081	0.072	0.023	0.013	-0.017	-0.002	0.039	0.073	-0.009	-0.035	-0.002	0.005	0.004	0.018	0.003	-0.017	-0.045	-0.028	-0.035	-0.044	0.005	-0.019	-0.002	-0.001	0.005	-0.022	0.009	-0.076	-0.005	-0.044	-0.009	0.015	-0.009	0.000	0.057	0.030	0.088	0.038	-0.043	0.031	0.091	0.048	0.099	0.086	0.017	0.025	0.024	0.004	0.063	0.029	0.025	0.002	-0.006	-0.012	-0.010	0.018	0.045	0.013	0.012	0.016	0.038	-0.004	0.009	-0.053	-0.041	0.050	-0.026	-0.051	0.023	-0.022	-0.009	0.071	0.014	-0.050	0.125	0.025	0.006	0.223	0.099	-0.029	0.147	0.018	0.022	0.283	0.069	0.027	-0.057	-0.085	-0.057	-0.048	-0.040	-0.025	-0.051	-0.052	-0.044	-0.039	-0.039	-0.034	-0.035	-0.070	-0.019	-0.025	-0.030	-0.021	-0.026	-0.023	-0.028	0.002	0.015	-0.005	0.000	-0.009	-0.006	-0.007	-0.004	-0.005	0.002	-0.047	-0.027	-0.013	-0.030	-0.002	0.274	-0.016	0.019	0.121	0.033	0.004	0.024	0.054	0.028	0.129	0.054	0.049	-0.028	-0.090	-0.076	-0.030	-0.037	-0.095	-0.011	-0.007	-0.013	0.004	0.037	0.008	0.174	-0.055	-0.041	-0.030	-0.035	-0.048	-0.012	-0.042	-0.008	0.023	-0.000	0.015	-0.012	-0.032	-0.012	0.012	0.018	-0.003	0.073	0.035	0.045	0.184	0.062	-0.014	0.085	-0.013	0.022	0.196	0.083	0.054	-0.018	-0.025	-0.021	-0.009	-0.013	-0.020	-0.047	-0.020	-0.046	0.002	-0.012	0.053	-0.053	-0.018	-0.037	-0.019	-0.016	-0.031	0.010	-0.043	-0.016	-0.013	-0.035	0.001	-0.017	-0.034	-0.029	-0.015	-0.040	-0.029	-0.056	-0.066	-0.045	-0.124	0.020	-0.052	-0.013	-0.012	0.001	0.038	0.248	0.568	-0.023	-0.028	0.042	0.049	0.065	0.074	-0.027	-0.031	-0.025	-0.023	0.018	-0.050	-0.017	-0.055	-0.053	-0.004	-0.035	0.001	-0.013	-0.056	-0.017	-0.034	-0.019	-0.032
HCC1187	0.0	TNBC	1.233	1.050	1.249	1.510	1.469	1.350	0.521	0.296	0.654	1.423	1.356	1.265	1.265	1.112	1.301	1.538	1.489	1.259	0.161	0.157	0.282	1.087	0.625	0.439	0.053	-0.008	-0.022	0.024	0.070	-0.003	-0.031	-0.025	-0.012	0.006	0.013	-0.045	-0.009	-0.036	0.001	0.002	0.021	-0.029	0.026	0.032	0.030	0.270	0.057	-0.008	0.037	0.103	0.147	0.851	0.613	0.287	0.025	0.012	0.055	1.244	0.321	0.087	0.978	0.901	1.224	1.508	1.363	1.113	0.982	0.952	1.250	1.501	1.432	1.382	-0.019	-0.022	0.007	-0.001	0.009	-0.024	-0.005	0.113	0.030	-0.028	0.045	-0.008	-0.011	-0.035	-0.021	-0.043	-0.038	-0.034	0.090	0.102	0.183	0.425	0.429	0.350	0.055	0.028	0.060	0.304	0.290	0.246	0.115	0.116	0.190	0.414	0.391	0.247	-0.003	0.009	0.054	0.185	0.150	0.085	0.119	0.160	0.344	0.400	0.486	0.457	-0.018	-0.002	-0.031	0.142	0.253	0.347	-0.050	-0.041	-0.014	0.196	0.315	0.430	-0.026	-0.021	-0.016	0.013	0.047	-0.027	-0.003	-0.021	0.031	0.023	0.072	0.015	-0.018	0.002	0.015	0.276	0.224	0.098	0.142	0.174	0.327	0.410	0.434	0.339	0.088	0.164	0.291	0.385	0.400	0.406	-0.045	-0.085	0.037	-0.037	-0.043	-0.099	-0.057	-0.037	-0.032	-0.077	-0.014	-0.088	-0.026	-0.033	-0.050	-0.034	-0.047	-0.059	0.012	0.002	-0.013	0.301	0.219	-0.020	-0.023	0.011	0.017	0.140	0.077	-0.031	0.061	0.059	0.029	0.359	0.154	0.026	-0.023	-0.020	0.009	0.070	0.054	-0.016	-0.063	-0.012	-0.054	-0.046	-0.023	-0.023	0.002	-0.010	-0.002	0.017	0.009	-0.034	0.020	0.031	-0.015	0.023	-0.006	-0.033	-0.025	0.034	0.005	0.016	0.010	-0.011	-0.018	0.021	-0.020	0.003	0.009	-0.032	0.001	0.005	0.001	0.075	0.002	-0.046	0.023	0.028	0.036	0.159	0.069	-0.006	0.072	0.027	0.050	0.205	0.102	0.039	-0.127	-0.086	-0.105	-0.078	-0.032	-0.104	0.016	0.023	0.005	0.040	0.010	0.003	-0.040	-0.043	-0.114	-0.067	-0.087	-0.125	-0.015	0.009	-0.003	0.209	0.122	0.026	-0.021	-0.028	-0.030	0.043	0.054	0.013	-0.027	-0.009	0.005	0.164	0.103	0.013	-0.050	0.386	-0.012	0.002	0.006	-0.006	-0.024	-0.035	-0.008	-0.057	0.243	-0.026	-0.005	-0.038	-0.018	-0.042	-0.010	0.062	-0.006	-0.009	-0.022	-0.045	-0.024	-0.024	-0.057	0.036	-0.036	-0.035	0.079	-0.029	0.015	0.022	0.009	0.003	0.016	0.001	-0.006	-0.027	-0.028	-0.008	0.001	-0.027	-0.028	-0.019	-0.013	0.031	0.032	-0.003	0.031	-0.026	0.004	0.035	0.039	0.025	-0.053	-0.040	-0.029	-0.047	-0.019	-0.046	-0.025	-0.035	-0.022	-0.029	-0.015	-0.015	-0.038	-0.058	-0.045	-0.038	-0.043	-0.024
HCC1395	0.0	TNBC	0.695	0.663	0.652	0.997	0.902	0.535	0.222	0.128	0.169	0.953	0.861	0.733	0.848	0.779	0.778	1.036	0.865	0.396	0.041	-0.101	-0.088	0.007	0.020	-0.019	-0.005	-0.089	-0.104	-0.071	-0.091	-0.131	-0.036	-0.029	0.028	-0.024	-0.047	-0.032	-0.002	-0.024	-0.010	-0.021	-0.067	-0.069	0.024	-0.081	-0.027	0.022	0.023	-0.003	0.083	0.062	0.210	0.822	0.603	0.233	0.039	-0.090	0.016	-0.032	-0.023	-0.063	0.314	0.380	0.553	0.724	0.326	0.083	0.377	0.456	0.566	0.772	0.527	0.405	-0.041	-0.095	-0.038	-0.021	0.037	-0.099	-0.016	-0.043	-0.065	-0.033	-0.025	-0.037	-0.015	-0.028	-0.020	0.120	0.011	-0.122	0.058	0.123	0.162	0.262	0.272	0.216	0.005	0.020	0.034	0.210	0.204	0.203	0.083	0.121	0.170	0.174	0.280	0.171	-0.003	-0.022	0.003	-0.016	-0.021	-0.000	-0.003	0.015	0.027	0.049	0.113	0.113	-0.001	-0.002	0.028	0.111	0.213	0.224	-0.016	0.002	0.012	0.009	0.068	0.160	-0.002	0.004	0.017	0.014	0.025	0.019	0.024	0.045	0.091	0.195	0.216	0.161	-0.019	-0.003	0.010	-0.012	-0.008	-0.025	-0.039	0.020	0.050	0.001	0.037	0.003	-0.097	-0.027	0.021	-0.048	0.018	0.010	0.000	-0.006	0.007	0.007	0.033	0.015	-0.046	-0.032	-0.001	-0.040	-0.032	-0.013	-0.011	0.007	0.021	0.034	0.009	-0.008	-0.020	-0.020	-0.015	0.085	0.023	-0.000	-0.044	-0.014	0.005	0.036	-0.007	0.000	-0.020	0.007	0.017	0.073	0.042	0.038	-0.048	-0.041	0.010	0.003	-0.029	-0.010	-0.038	-0.057	0.000	-0.027	-0.021	-0.050	0.044	-0.044	-0.007	-0.019	-0.003	-0.019	-0.018	-0.027	0.012	0.009	-0.010	-0.040	0.036	0.026	0.024	0.032	0.027	-0.010	-0.008	-0.008	0.032	0.019	0.041	-0.006	-0.014	-0.034	0.008	-0.012	0.010	-0.026	0.003	0.021	0.036	0.038	0.016	0.052	-0.049	-0.046	-0.004	-0.007	0.017	0.003	-0.034	-0.013	-0.025	-0.065	-0.025	-0.100	-0.027	-0.023	0.025	-0.023	0.031	-0.024	-0.014	-0.009	-0.030	0.013	-0.011	-0.019	0.025	0.023	0.020	0.058	0.086	0.070	0.011	0.018	-0.015	0.111	0.044	0.012	0.008	0.029	0.021	0.055	0.062	0.010	-0.001	0.010	0.009	-0.000	0.012	0.035	0.007	-0.003	-0.030	-0.004	-0.038	0.002	-0.004	-0.011	-0.005	-0.029	-0.035	-0.036	0.006	-0.010	-0.007	-0.020	-0.029	-0.050	-0.015	-0.030	-0.029	-0.033	-0.058	-0.045	-0.002	-0.049	-0.023	-0.008	-0.023	-0.031	-0.015	-0.015	-0.040	-0.016	-0.048	-0.049	0.001	0.007	-0.020	0.008	0.025	-0.020	-0.011	-0.020	0.005	-0.009	-0.003	-0.036	-0.073	-0.031	-0.048	-0.035	-0.113	-0.049	-0.007	0.040	0.051	-0.031	-0.089	-0.039	-0.004	-0.022	-0.024	-0.039	-0.018	-0.030
HCC1419	0.0	HER2amp	-0.023	-0.072	-0.029	0.141	0.041	0.015	-0.022	-0.002	0.000	0.117	0.022	0.006	0.097	0.024	-0.006	0.232	0.169	0.107	0.142	0.174	0.228	0.370	0.325	0.243	-0.020	-0.020	-0.022	-0.002	-0.002	-0.026	0.002	0.000	0.010	-0.007	0.006	-0.019	0.002	-0.010	-0.001	-0.043	0.008	-0.019	-0.017	0.004	-0.003	0.000	-0.001	-0.010	0.025	-0.002	0.007	0.020	0.008	-0.018	0.006	-0.033	-0.006	0.006	-0.007	-0.034	0.021	0.022	0.049	0.136	0.056	0.053	-0.029	-0.040	-0.008	0.166	0.106	0.066	-0.046	-0.078	-0.041	-0.066	-0.064	-0.074	-0.028	-0.011	-0.004	-0.026	-0.006	-0.035	-0.065	-0.088	-0.077	-0.078	-0.093	-0.109	-0.012	-0.013	0.012	0.043	0.060	0.076	0.025	0.015	0.019	0.059	0.059	0.051	0.021	-0.013	0.022	0.188	0.228	0.260	0.088	0.119	0.228	0.287	0.311	0.284	-0.007	-0.014	-0.011	-0.013	-0.003	-0.011	0.015	0.014	-0.016	0.003	0.005	0.012	0.016	-0.000	0.006	-0.003	0.003	-0.014	0.008	-0.000	-0.002	-0.015	0.005	-0.014	0.005	0.019	0.023	0.004	0.000	-0.018	0.010	0.017	0.015	0.005	-0.007	-0.014	-0.023	0.010	0.024	0.012	0.040	0.026	-0.032	-0.021	-0.023	-0.035	0.035	0.029	-0.049	-0.053	-0.057	-0.069	-0.044	-0.057	0.009	-0.021	-0.015	-0.021	-0.008	-0.032	-0.010	-0.016	-0.024	-0.024	-0.019	-0.011	0.016	-0.032	0.019	-0.012	0.034	-0.014	0.002	0.003	-0.002	-0.005	0.018	0.003	0.027	-0.002	-0.012	0.069	0.039	0.031	0.023	0.045	0.072	0.126	0.147	0.071	-0.026	-0.074	-0.085	-0.066	-0.064	-0.140	0.004	-0.025	-0.056	-0.003	-0.059	-0.148	-0.015	0.005	-0.063	-0.002	-0.077	-0.115	0.000	-0.029	-0.056	-0.012	-0.011	-0.099	0.009	0.012	-0.054	-0.006	-0.024	-0.105	0.075	0.019	-0.038	-0.005	0.010	-0.072	-0.008	-0.027	0.012	0.053	0.007	0.019	-0.038	-0.044	0.014	0.006	0.039	-0.015	-0.048	-0.041	-0.082	-0.085	-0.088	-0.229	-0.011	-0.043	-0.044	-0.007	-0.010	-0.109	0.022	-0.055	-0.070	-0.063	-0.026	-0.037	0.009	0.007	0.047	-0.011	0.100	0.023	-0.008	-0.005	0.032	-0.074	0.031	0.051	-0.032	0.065	0.016	0.018	0.047	-0.022	-0.003	-0.065	0.019	0.068	0.037	-0.002	-0.012	0.005	0.064	0.038	0.061	0.016	0.021	-0.018	-0.043	0.043	0.039	-0.049	0.024	0.084	0.033	0.023	0.025	-0.029	-0.007	0.018	0.023	-0.018	0.022	-0.004	0.018	0.035	-0.026	0.050	0.007	0.007	-0.014	0.043	0.010	0.026	-0.000	-0.004	-0.022	0.016	0.053	0.018	0.017	0.009	-0.051	0.004	0.059	-0.046	0.041	0.018	0.013	-0.017	-0.038	0.051	-0.043	-0.043	0.027	0.069	0.055	-0.002	0.011	-0.000	0.063	0.017	0.046	-0.018	0.034	0.000
HCC1428	0.0	HR+	1.413	1.213	1.052	1.735	1.490	0.996	0.075	-0.021	-0.014	1.397	1.091	1.091	1.579	1.443	1.301	1.768	1.405	0.869	0.892	1.147	1.070	1.802	1.654	1.507	0.007	-0.037	-0.008	-0.040	-0.014	0.084	-0.017	-0.046	-0.015	0.330	-0.017	0.010	0.033	-0.034	-0.051	0.092	0.002	0.013	0.043	-0.008	0.011	-0.037	0.028	0.014	0.052	-0.001	0.019	0.065	0.049	0.065	-0.017	-0.049	-0.041	-0.052	0.021	0.012	1.254	0.966	1.002	1.553	0.766	0.625	1.132	0.948	1.019	1.662	1.259	1.087	0.066	-0.006	0.048	0.025	0.041	0.108	0.077	-0.009	-0.072	0.004	0.031	0.048	0.061	-0.018	0.012	0.048	0.010	0.010	0.087	0.073	0.063	0.143	0.108	0.025	0.109	0.066	0.073	0.115	0.102	0.071	0.088	0.060	0.023	0.204	0.077	0.001	0.130	0.115	0.163	0.922	0.921	0.918	-0.024	-0.004	-0.017	-0.024	-0.008	0.015	0.036	0.050	0.007	0.208	0.155	0.174	-0.034	-0.014	-0.031	-0.006	0.029	0.071	-0.059	-0.057	-0.056	-0.072	-0.054	-0.049	-0.041	-0.036	-0.037	-0.060	-0.033	-0.020	-0.019	-0.003	-0.019	-0.027	0.005	-0.012	0.012	-0.000	-0.013	0.013	-0.009	-0.044	0.017	0.025	-0.015	0.152	0.024	-0.004	0.018	-0.012	-0.005	-0.005	-0.012	0.020	-0.010	-0.019	-0.010	-0.045	0.002	0.020	0.040	0.012	0.046	0.049	0.049	0.034	0.039	0.029	0.031	0.526	0.047	0.058	0.030	0.004	-0.022	0.113	-0.022	0.041	0.128	0.027	0.022	0.485	0.016	0.077	0.040	0.027	-0.009	0.613	0.092	0.150	0.007	-0.037	0.014	0.011	-0.032	-0.065	-0.002	-0.045	-0.020	0.031	-0.056	-0.029	0.018	-0.050	-0.023	0.007	-0.050	-0.020	-0.011	0.023	-0.020	0.116	-0.024	-0.088	0.017	-0.169	-0.033	0.033	-0.037	-0.023	0.003	-0.002	0.001	0.029	-0.047	-0.052	0.030	0.009	0.010	0.201	-0.007	0.026	0.005	0.008	-0.049	0.203	-0.008	0.070	0.048	-0.044	0.045	0.011	-0.011	0.002	0.022	0.221	-0.331	0.017	0.017	-0.012	0.030	0.021	0.025	0.038	-0.012	0.072	0.021	-0.010	-0.042	0.030	-0.011	-0.091	0.059	-0.037	-0.061	0.043	-0.076	-0.101	0.051	-0.043	-0.008	-0.008	-0.198	-0.138	0.015	0.028	-0.023	-0.007	-0.050	-0.109	-0.084	-0.064	-0.074	-0.083	-0.069	-0.065	-0.079	-0.070	-0.103	-0.168	-0.109	-0.107	-0.091	-0.084	-0.113	-0.079	-0.108	-0.167	0.013	0.240	-0.096	-1.081	-0.287	-0.083	0.419	-0.039	-0.095	-0.101	-0.115	-0.096	-0.072	-0.071	-0.130	-1.081	-0.117	-0.089	0.034	-0.037	0.046	0.006	-0.035	-0.083	0.006	0.079	0.398	-0.023	-0.037	-0.034	-0.060	-0.065	-0.079	-0.045	-0.034	-0.061	0.661	-0.045	0.034	-1.081	-0.052	-0.084	-0.032	-0.017	0.001	-0.014	0.014	-0.171
HCC1500	0.0	HR+	0.007	0.009	0.008	0.039	0.030	0.048	0.016	0.049	0.047	0.072	0.039	0.069	0.673	0.232	0.085	1.041	0.098	0.089	0.608	0.569	0.825	1.560	1.130	0.954	0.016	0.016	0.064	-0.039	0.043	-0.078	0.033	0.046	0.038	0.026	0.055	0.004	0.012	0.019	0.043	0.001	0.064	0.005	0.032	0.041	0.035	0.029	0.033	-0.004	0.006	0.042	0.063	0.403	0.016	0.023	-0.006	0.037	0.017	0.041	0.036	-0.025	1.094	0.961	1.173	1.350	1.221	1.077	1.115	1.145	1.350	1.382	1.292	1.283	0.014	-0.057	-0.071	-0.042	-0.063	-0.075	0.022	0.076	0.023	0.044	0.065	0.028	-0.012	-0.034	-0.029	-0.022	0.011	-0.042	0.028	0.033	0.136	0.037	0.067	0.081	0.037	0.034	0.048	0.039	0.056	0.058	0.011	-0.002	0.010	0.049	0.008	0.029	0.028	0.027	0.269	0.827	0.692	0.578	0.043	0.047	0.032	0.042	0.060	0.071	0.063	0.078	0.043	0.053	0.047	0.075	0.029	0.053	0.040	0.012	0.042	0.051	0.067	0.055	0.032	0.082	0.080	0.042	0.039	0.015	0.551	0.023	0.032	0.040	0.028	0.046	0.075	0.024	0.052	0.049	0.060	0.086	0.094	0.145	0.096	0.114	0.010	0.077	0.091	0.059	0.108	0.065	0.078	0.080	0.028	0.038	0.056	0.048	0.029	0.035	0.016	0.031	0.041	0.030	0.031	0.048	0.077	0.020	0.075	0.034	-0.014	-0.024	-0.035	-0.030	-0.032	-0.020	-0.033	-0.058	-0.035	0.008	-0.049	-0.037	-0.017	-0.018	-0.051	0.042	-0.024	-0.023	-0.023	-0.008	-0.016	0.224	0.051	0.005	-0.046	-0.048	-0.083	-0.045	-0.066	-0.041	-0.022	-0.082	-0.057	-0.073	-0.062	-0.046	-0.065	-0.069	-0.065	-0.057	-0.051	-0.078	-0.047	-0.071	-0.067	-0.032	-0.015	-0.060	-0.014	-0.030	-0.047	-0.016	-0.021	-0.070	-0.013	-0.072	-0.042	-0.032	-0.043	-0.037	0.004	0.045	0.040	0.102	0.063	-0.016	0.063	0.095	0.099	0.126	0.110	0.063	-0.035	-0.079	-0.105	-0.088	-0.066	-0.059	0.008	0.012	-0.008	-0.002	0.021	-0.009	-0.039	-0.062	-0.059	-0.026	-0.066	-0.045	0.013	0.008	-0.008	-0.000	-0.031	-0.009	-0.003	0.020	0.009	0.006	-0.018	-0.020	-0.009	-0.002	-0.029	0.039	-0.014	-0.032	0.012	0.007	-0.019	0.060	0.003	-0.015	-0.002	-0.037	-0.025	-0.036	-0.016	-0.029	0.069	0.022	-0.030	-0.014	-0.008	-0.044	-0.032	-0.009	-0.037	-0.003	-0.038	-0.004	-0.030	-0.013	0.001	-0.016	0.008	-0.025	-0.015	-0.015	-0.055	-0.033	-0.005	-0.079	-0.019	0.105	-0.028	-0.011	-0.005	-0.020	-0.018	-0.012	0.024	0.050	-0.003	0.021	0.036	0.036	0.020	0.034	0.045	0.031	0.005	0.029	-0.013	-0.008	0.035	0.009	0.033	0.025	-0.006	-0.014	-0.013	-0.019	0.028	0.028	0.018	-0.003	0.037	0.016
HCC1569	0.0	HER2amp	0.578	0.612	0.553	0.918	0.738	0.509	0.217	0.247	0.311	0.716	0.753	0.635	0.758	0.704	0.626	0.903	0.726	0.491	0.490	0.571	0.543	0.890	0.814	0.635	0.056	-0.006	0.017	0.062	0.062	0.034	0.053	-0.008	0.020	0.237	0.172	0.145	0.084	0.043	0.076	0.140	0.132	0.123	0.070	0.011	0.077	0.070	0.101	0.108	0.064	0.111	0.154	0.787	0.733	0.470	0.013	-0.010	0.028	0.036	0.061	0.031	0.116	0.250	0.355	0.678	0.339	0.205	0.244	0.279	0.398	0.603	0.441	0.423	-0.004	-0.067	-0.037	-0.012	-0.032	-0.052	0.107	0.029	0.034	0.086	0.086	0.051	-0.075	-0.119	-0.078	-0.084	-0.067	-0.074	0.064	0.071	0.072	0.221	0.235	0.210	0.056	0.037	0.050	0.165	0.184	0.186	0.081	0.082	0.106	0.343	0.354	0.380	0.183	0.273	0.337	0.400	0.389	0.389	0.056	0.010	0.038	0.071	0.064	0.045	0.054	0.027	0.024	0.239	0.236	0.207	0.045	0.050	0.020	0.067	0.131	0.171	0.049	0.031	0.038	0.028	0.004	0.019	0.046	0.020	0.055	0.226	0.246	0.209	0.004	0.105	0.012	0.008	-0.006	0.018	0.014	-0.014	0.004	0.060	0.041	0.060	-0.000	0.002	0.003	0.036	0.023	0.065	0.021	-0.015	0.004	-0.014	0.002	-0.019	0.011	-0.017	-0.013	-0.027	-0.035	0.010	-0.046	-0.023	-0.053	0.017	-0.030	0.020	0.063	0.025	0.034	0.129	0.060	0.033	0.010	0.030	0.006	0.049	0.058	0.050	0.034	0.054	0.065	0.133	0.108	0.041	0.007	0.048	0.042	0.186	0.159	0.060	0.001	-0.008	-0.003	-0.021	0.009	0.014	-0.022	-0.031	-0.010	-0.030	0.003	-0.003	-0.005	0.003	0.005	-0.014	0.023	-0.018	0.021	-0.010	0.025	-0.003	0.042	0.005	0.005	-0.029	0.009	0.051	0.094	0.023	-0.014	-0.006	0.009	0.003	0.014	-0.022	0.004	0.026	0.056	0.020	0.047	-0.011	0.053	0.012	0.028	0.014	0.021	-0.004	-0.009	0.004	-0.007	-0.011	0.025	-0.019	0.011	0.023	0.028	0.021	0.065	0.050	0.105	0.049	0.029	0.038	0.012	-0.012	-0.076	-0.108	-0.051	0.011	-0.011	-0.038	-0.063	-0.091	-0.051	-0.021	0.006	-0.002	-0.043	-0.060	-0.046	0.035	0.089	0.022	-0.093	-0.059	0.004	0.060	0.219	0.070	-0.069	-0.072	-0.065	-0.077	-0.066	-0.076	-0.045	-0.045	-0.067	-0.053	-0.033	-0.088	-0.041	-0.053	-0.041	-0.056	-0.038	0.015	-0.086	-0.096	-0.091	-0.100	-0.045	-0.085	-0.067	-0.059	-0.060	-0.021	0.019	0.104	-0.033	-0.061	-0.061	-0.067	-0.044	-0.104	-0.091	-0.105	-0.090	-0.066	-0.098	-0.075	-0.092	-0.136	-0.102	-0.098	-0.114	-0.065	-0.099	-0.094	-0.089	-0.100	-0.067	-0.118	-0.076	-0.084	-0.089	-0.095	-0.086	-0.079	-0.115	-0.137	-0.133	-0.117	-0.100	-0.100
HCC1806	0.0	TNBC	0.802	0.889	0.891	1.220	1.156	0.993	0.697	0.763	0.682	1.127	1.143	0.995	0.735	0.827	0.845	1.199	1.036	0.829	0.140	0.162	0.433	0.729	0.788	0.598	0.007	-0.024	0.028	0.224	0.256	0.272	-0.036	-0.015	-0.035	0.356	0.287	0.330	-0.050	0.062	-0.091	0.046	0.073	0.300	-0.015	0.060	-0.097	0.066	0.002	-0.109	-0.040	0.118	0.004	0.939	0.964	0.898	-0.057	-0.004	-0.066	-0.003	-0.064	-0.100	0.277	0.416	0.608	0.837	0.712	0.595	0.175	0.187	0.483	0.713	0.610	0.572	-0.029	0.076	-0.091	0.050	-0.020	-0.057	0.046	0.046	-0.017	0.065	-0.111	-0.077	0.052	-0.045	-0.018	0.147	0.021	-0.067	0.079	0.152	0.296	0.379	0.342	0.286	0.086	0.138	0.258	0.270	0.414	0.386	0.098	0.159	0.281	0.389	0.279	0.236	0.069	0.111	0.274	0.545	0.497	0.476	0.046	0.100	0.234	0.431	0.410	0.433	0.045	0.056	0.100	0.530	0.528	0.495	0.013	0.023	0.038	0.366	0.454	0.511	-0.022	-0.021	0.001	-0.008	0.002	-0.049	-0.002	0.016	0.037	0.276	0.350	0.340	0.008	-0.000	0.022	-0.011	0.015	-0.033	-0.021	0.011	0.155	0.146	0.154	0.127	-0.060	-0.037	0.017	0.048	0.065	0.091	0.000	-0.000	-0.016	0.002	0.001	-0.039	-0.052	-0.058	-0.069	-0.041	-0.060	-0.058	0.030	-0.022	-0.014	0.008	0.012	-0.127	-0.007	-0.002	0.063	0.416	0.074	0.070	-0.018	0.000	0.067	0.325	0.069	0.078	-0.010	0.010	0.056	0.262	0.085	0.055	-0.029	-0.018	0.022	0.035	0.038	0.066	0.029	0.032	0.027	0.022	0.019	0.022	0.025	0.022	0.046	0.041	0.041	0.061	0.024	0.027	0.042	0.066	0.030	0.044	0.018	0.024	0.012	0.029	0.013	0.005	0.012	0.024	0.034	0.085	0.107	0.069	0.025	0.030	0.034	0.017	0.043	0.014	-0.028	-0.007	0.027	0.030	0.041	0.056	0.075	-0.019	0.040	0.014	0.030	0.025	-0.010	-0.020	-0.011	-0.029	-0.016	-0.029	-0.006	-0.003	0.011	0.009	0.035	0.002	-0.111	-0.111	-0.056	-0.125	-0.069	-0.055	-0.005	0.048	0.091	0.193	0.161	0.145	0.006	0.046	0.082	0.234	0.190	0.093	-0.011	0.032	0.062	0.143	0.107	0.069	-0.018	-0.025	0.028	0.006	0.033	0.073	-0.001	0.017	-0.011	-0.002	-0.004	-0.066	-0.021	-0.005	-0.008	-0.019	-0.009	-0.006	-0.022	0.006	0.014	-0.023	0.002	-0.007	0.001	-0.008	0.008	-0.023	-0.009	-0.085	-0.023	-0.004	0.017	0.058	0.065	0.038	-0.036	-0.000	0.007	-0.019	0.000	-0.025	0.020	-0.001	0.042	0.039	0.054	0.110	-0.035	0.008	0.044	0.003	0.038	-0.000	0.005	-0.014	-0.026	-0.022	-0.012	-0.016	-0.014	-0.021	0.054	-0.025	-0.015	-0.009	-0.049	0.037	-0.016	-0.035	0.009	0.013
HCC1937	0.0	TNBC	1.163	0.916	1.062	1.364	1.318	1.157	0.700	0.267	0.422	1.195	1.219	1.019	1.145	1.071	1.103	1.353	1.255	0.887	0.155	0.376	0.292	1.015	0.704	0.521	0.052	0.134	0.046	0.515	0.343	0.200	0.135	-0.099	0.066	0.565	0.355	0.119	-0.031	-0.057	0.103	0.411	0.180	0.137	0.089	-0.066	0.041	0.128	0.016	0.033	0.106	0.107	0.176	1.265	1.214	1.007	-0.035	-0.042	0.098	0.010	-0.011	0.070	0.434	0.303	0.588	1.044	0.506	0.506	0.041	0.114	0.129	0.748	0.292	0.319	0.196	-0.019	-0.013	0.070	-0.015	-0.052	0.026	-0.064	0.029	0.057	0.099	0.057	0.053	-0.083	-0.147	-0.026	-0.048	-0.140	0.283	0.232	0.321	0.478	0.539	0.490	0.133	0.053	0.128	0.449	0.362	0.375	0.284	0.227	0.296	0.472	0.458	0.350	0.213	0.315	0.365	0.496	0.490	0.510	0.024	0.055	0.134	0.379	0.335	0.305	0.042	-0.033	0.052	0.374	0.367	0.342	0.014	-0.007	0.027	0.265	0.279	0.297	-0.034	0.000	0.036	0.028	0.039	0.003	0.052	0.069	0.108	0.360	0.476	0.501	-0.008	-0.006	-0.002	-0.010	0.005	0.012	-0.054	0.030	0.279	0.189	0.080	0.065	0.022	0.021	0.022	0.087	0.052	0.074	0.007	-0.028	0.028	0.013	-0.012	-0.001	-0.016	0.002	0.002	0.001	-0.011	0.008	0.027	0.057	-0.003	0.035	0.032	0.016	0.032	0.004	0.157	0.211	0.121	0.121	-0.017	0.024	0.383	0.149	0.054	0.157	0.027	0.305	0.137	0.171	0.103	0.091	-0.013	0.082	-0.017	0.047	0.026	0.053	0.020	0.045	-0.001	0.014	0.017	0.011	0.001	0.040	-0.023	0.009	0.045	0.259	0.015	0.002	0.029	0.025	0.005	-0.028	0.043	0.044	0.076	0.064	0.072	0.029	0.105	0.038	0.053	0.123	0.101	0.087	0.016	0.038	0.049	0.518	0.008	0.018	0.004	0.013	0.035	0.057	0.028	0.049	-0.012	0.013	-0.024	0.013	0.005	0.019	0.002	0.005	0.082	0.053	-0.038	0.004	0.034	0.065	0.038	0.051	0.050	0.015	0.075	-0.018	0.195	-0.040	-0.022	0.409	-0.037	-0.037	0.004	0.070	0.081	0.078	-0.073	-0.083	-0.058	0.043	0.034	0.068	-0.014	0.015	-0.002	0.100	0.067	0.018	-0.080	0.084	-0.058	-0.024	0.101	-0.047	-0.083	-0.077	-0.063	-0.072	-0.071	-0.064	-0.077	-0.055	-0.056	-0.076	-0.072	-0.008	-0.059	-0.053	-0.023	-0.051	-0.063	-0.054	-0.074	-0.057	-0.059	-0.060	-0.078	-0.054	-0.075	-0.059	-0.064	0.052	0.134	0.035	-0.062	-0.057	-0.070	-0.076	-0.081	-0.066	-0.089	-0.091	-0.120	-0.023	-0.037	-0.043	0.088	-0.110	-0.059	-0.063	-0.069	-0.054	-0.087	-0.085	-0.074	-0.056	-0.089	0.001	-0.078	-0.042	-0.064	-0.078	-0.055	-0.071	0.068	-0.074	-0.081	-0.072	-0.076	-0.090
HCC1954	0.0	HER2amp	0.535	0.507	0.511	0.952	0.840	0.616	0.397	0.351	0.397	0.825	0.803	0.672	0.537	0.537	0.566	0.893	0.812	0.503	0.212	0.252	0.289	0.550	0.491	0.349	0.031	-0.042	-0.019	0.044	-0.008	-0.022	0.034	-0.014	-0.061	0.049	0.045	-0.012	-0.016	0.013	0.005	0.002	0.010	-0.056	0.033	-0.026	0.032	0.014	0.001	-0.048	0.064	0.062	0.085	0.820	0.831	0.551	0.016	-0.029	-0.038	-0.011	0.028	-0.089	0.074	0.084	0.086	0.217	0.035	0.032	0.012	0.014	0.024	0.235	0.123	0.112	-0.091	-0.093	-0.052	-0.059	-0.041	-0.062	0.045	0.006	0.050	0.019	0.004	0.032	0.039	-0.048	-0.074	0.033	-0.042	-0.048	0.011	0.001	0.039	0.061	0.130	0.092	0.053	0.085	0.050	0.068	0.089	0.087	0.028	0.015	0.028	0.046	0.120	0.089	0.004	0.056	0.032	0.064	0.103	0.085	0.023	0.037	0.000	0.012	0.036	0.011	0.029	0.000	-0.010	0.033	0.038	0.012	0.023	0.007	0.022	0.007	0.043	0.027	-0.037	-0.019	-0.029	-0.042	-0.040	-0.033	-0.027	0.014	-0.012	0.002	0.019	-0.010	0.030	-0.012	-0.004	-0.012	0.005	0.016	0.028	-0.005	0.019	0.018	0.013	-0.012	-0.011	-0.007	-0.019	-0.038	0.008	-0.028	0.024	0.016	-0.028	0.005	0.001	-0.008	-0.031	-0.020	-0.018	-0.052	-0.032	-0.046	0.004	0.001	0.008	0.013	0.009	0.035	0.044	0.046	0.048	0.122	0.161	0.056	0.046	0.052	0.017	0.111	0.129	0.076	0.012	0.042	0.031	0.095	0.156	0.023	0.024	0.038	0.016	0.068	0.061	0.008	-0.021	0.002	0.011	0.017	0.046	0.037	0.013	0.062	0.042	0.049	0.059	0.018	-0.030	0.014	0.046	-0.020	0.045	0.022	0.017	0.054	0.049	0.028	0.022	0.049	0.023	0.069	0.065	0.101	0.139	0.094	-0.002	0.041	0.055	0.051	0.067	0.021	-0.013	-0.005	0.002	-0.008	-0.006	0.010	-0.056	-0.017	-0.052	0.103	-0.046	-0.050	0.024	0.017	0.012	-0.035	0.047	0.018	-0.013	0.018	0.051	0.036	0.046	0.023	0.018	-0.018	0.001	-0.010	0.018	0.001	0.074	0.045	0.067	0.098	0.191	0.062	-0.020	0.010	0.071	0.077	0.138	0.036	0.016	0.045	0.086	0.122	0.198	0.095	-0.020	-0.013	0.021	0.005	0.053	0.026	0.014	0.012	-0.000	0.018	0.023	0.028	0.071	0.034	0.045	0.044	0.051	0.019	0.058	0.034	0.055	0.025	0.055	0.037	0.002	0.015	-0.005	-0.014	0.019	0.036	0.029	0.009	0.036	0.091	0.140	0.029	0.043	0.029	0.022	0.026	0.031	-0.013	-0.080	-0.036	0.009	-0.064	-0.011	-0.015	-0.079	0.140	-0.010	0.154	-0.036	-0.013	0.019	0.001	-0.006	0.000	-0.013	0.012	-0.025	0.021	0.012	-0.008	-0.010	-0.003	-0.030	-0.010	-0.002	-0.029	-0.016	-0.014
HCC202	0.0	HER2amp	0.718	0.714	0.670	0.809	0.807	0.660	0.449	0.280	0.390	0.808	0.777	0.688	0.788	0.734	0.745	0.859	0.835	0.682	0.572	0.506	0.511	0.769	0.703	0.585	-0.120	-0.181	-0.144	-0.084	-0.064	-0.177	-0.045	-0.081	-0.071	-0.043	-0.072	-0.120	-0.054	-0.107	-0.026	0.022	0.011	-0.061	0.020	0.091	-0.028	-0.078	-0.064	-0.080	0.070	0.079	0.051	0.405	0.243	0.061	-0.074	-0.090	-0.057	-0.050	-0.039	-0.126	0.238	0.258	0.192	0.387	0.107	-0.016	0.372	0.333	0.176	0.582	0.333	0.120	-0.065	-0.086	0.001	-0.048	-0.073	-0.114	0.062	0.007	-0.136	-0.118	-0.089	-0.140	-0.043	-0.068	-0.068	0.003	-0.107	-0.077	0.042	0.073	0.069	0.053	0.137	0.103	0.024	0.060	0.127	0.059	0.062	0.085	-0.039	0.028	0.018	-0.000	0.043	0.013	-0.050	-0.000	-0.013	0.020	0.036	-0.029	0.065	0.099	0.109	0.126	0.097	0.164	0.025	0.049	0.037	0.080	0.074	0.086	0.403	0.426	0.481	0.363	0.267	0.241	0.260	0.351	0.279	0.153	0.061	0.056	0.201	0.294	0.283	0.065	0.010	0.102	0.310	0.425	0.424	0.265	0.146	0.212	-0.083	-0.090	-0.063	-0.080	-0.004	-0.053	-0.091	-0.059	-0.090	-0.032	-0.060	-0.070	0.099	0.116	0.124	0.126	0.077	0.151	-0.103	-0.046	-0.094	-0.058	-0.064	-0.028	0.053	0.087	0.150	0.143	0.153	0.096	-0.006	0.043	0.042	0.011	0.015	-0.003	-0.016	0.033	0.038	0.035	0.005	0.013	-0.025	0.041	0.047	0.024	0.012	0.031	-0.038	0.047	0.039	0.022	-0.042	0.054	0.074	0.038	0.048	0.041	0.033	0.000	0.055	0.014	0.085	0.026	0.037	-0.020	-0.008	0.017	0.078	-0.034	0.012	0.010	-0.010	0.050	0.141	-0.047	0.042	0.067	0.004	0.004	0.115	-0.016	0.028	0.090	0.013	0.052	0.139	-0.017	0.023	0.046	-0.019	0.041	-0.006	0.016	-0.020	-0.022	-0.036	-0.060	-0.120	0.007	-0.070	-0.149	0.064	0.039	0.086	0.068	0.045	0.028	-0.097	-0.080	0.091	-0.082	0.058	0.052	-0.001	0.022	0.060	0.039	0.019	0.036	0.004	-0.008	-0.004	0.035	-0.006	0.017	-0.027	0.007	0.019	0.022	0.026	0.030	-0.046	0.004	0.003	-0.002	0.008	0.032	-0.040	0.014	0.003	0.015	0.031	0.012	0.001	0.018	0.021	0.012	0.002	0.028	0.015	0.048	0.004	0.031	0.010	0.005	-0.022	0.051	0.114	0.004	0.037	0.057	0.051	0.136	0.113	0.032	0.046	0.079	0.031	0.073	0.110	0.018	0.019	0.022	0.080	0.153	0.142	0.059	0.067	0.102	-0.045	-0.032	-0.008	-0.016	-0.018	-0.008	-0.055	-0.034	-0.048	-0.046	-0.040	-0.039	-0.013	0.012	0.012	0.013	0.001	-0.020	-0.036	0.001	-0.033	-0.008	-0.025	-0.040	-0.021	0.008	-0.007	-0.007	-0.002	-0.003
HCC38	0.0	TNBC	0.998	0.872	0.917	1.237	1.114	0.768	0.219	0.170	0.175	1.109	0.983	0.784	1.087	0.941	0.992	1.225	0.994	0.500	0.479	0.467	0.463	1.021	0.892	0.587	-0.039	-0.001	0.005	0.110	0.093	-0.030	0.088	-0.036	-0.007	0.218	0.094	0.011	0.031	0.072	0.078	0.136	0.075	0.131	0.081	-0.014	-0.007	-0.010	0.016	0.028	0.148	0.227	0.216	1.120	0.674	0.373	0.054	0.026	0.021	0.648	0.139	0.055	0.889	0.631	0.884	1.055	0.565	0.397	0.955	0.764	0.911	1.101	0.816	0.792	0.037	-0.071	-0.035	0.023	-0.007	0.033	0.008	-0.041	0.056	-0.006	0.043	0.066	0.050	-0.047	-0.002	-0.066	0.033	0.009	0.196	0.166	0.170	0.404	0.331	0.201	0.042	0.033	0.003	0.313	0.195	0.096	0.223	0.185	0.194	0.370	0.241	0.151	0.257	0.317	0.516	0.569	0.612	0.686	-0.014	0.009	0.027	0.022	-0.023	0.101	0.030	0.066	0.051	0.349	0.287	0.270	-0.004	-0.015	0.036	0.195	0.210	0.172	0.008	-0.004	0.016	-0.035	0.002	0.006	0.027	0.075	0.109	0.410	0.333	0.184	0.036	0.042	0.031	0.264	0.162	0.049	0.027	0.048	-0.059	0.176	0.094	0.086	0.026	0.053	0.115	0.155	0.111	0.114	0.012	0.024	0.030	0.005	0.041	0.024	0.017	-0.011	0.031	-0.148	-0.133	0.034	0.010	0.011	0.040	-0.014	0.029	-0.127	0.053	0.031	0.041	0.062	0.075	0.028	0.027	0.002	0.026	0.045	0.041	0.023	0.049	0.045	0.005	0.088	0.039	0.008	0.036	0.017	0.027	0.066	-0.010	0.042	-0.016	-0.048	-0.047	-0.010	-0.029	-0.037	0.004	-0.017	-0.021	0.001	0.009	0.013	0.015	-0.086	-0.009	-0.010	0.045	0.045	0.017	-0.002	-0.009	-0.029	-0.004	0.002	0.011	0.010	-0.009	0.028	0.012	-0.006	0.012	0.002	0.012	-0.043	0.022	0.010	0.042	0.025	0.021	0.054	0.025	0.012	0.044	0.018	-0.007	0.053	0.025	-0.005	0.060	-0.020	-0.027	-0.017	-0.017	-0.025	-0.009	0.025	-0.009	-0.007	0.008	0.002	0.064	0.025	-0.004	0.018	0.018	0.007	0.022	0.124	0.020	0.132	0.110	0.025	0.068	-0.033	-0.025	0.112	0.108	0.035	0.121	0.107	0.086	0.143	0.102	0.054	-0.022	-0.022	-0.003	0.055	0.094	0.014	0.019	-0.047	-0.017	-0.030	-0.034	-0.001	-0.094	0.031	-0.032	-0.001	0.035	-0.014	-0.013	0.000	-0.017	0.031	0.068	0.130	-0.017	0.157	-0.001	-0.008	-0.008	0.068	-0.055	0.033	0.178	0.130	0.092	0.137	-0.006	0.010	0.043	0.001	0.015	0.015	0.052	0.012	-0.918	0.053	0.021	0.018	0.027	0.062	0.087	0.056	0.049	0.040	-0.031	0.005	-0.019	0.074	-0.023	0.133	0.004	0.008	0.125	-0.004	0.046	0.306	-0.102	-0.052	-0.036	-0.054	-0.045	-0.027
HCC70	0.0	TNBC	1.168	0.882	0.981	1.314	1.143	0.964	0.933	0.688	0.770	1.285	1.170	1.098	1.021	0.924	1.004	1.277	1.043	0.801	0.085	0.333	0.315	1.102	0.453	0.430	-0.025	-0.034	-0.020	0.043	0.019	-0.020	-0.013	0.048	0.003	0.048	0.034	0.000	0.017	-0.028	-0.043	0.020	-0.005	0.005	0.016	-0.014	0.009	0.028	0.003	-0.030	0.010	0.129	0.138	1.173	0.852	0.749	0.008	-0.008	0.013	0.363	0.118	0.020	0.071	0.151	0.081	0.296	0.123	0.002	0.021	-0.059	-0.014	0.018	0.090	-0.026	-0.065	-0.018	-0.051	-0.022	0.008	-0.061	-0.042	-0.062	-0.058	-0.013	-0.061	-0.023	-0.033	-0.059	-0.024	-0.053	-0.016	-0.042	0.201	0.271	0.307	0.376	0.433	0.394	0.175	0.228	0.264	0.376	0.408	0.368	0.181	0.220	0.240	0.339	0.413	0.299	0.212	0.370	0.409	0.444	0.441	0.422	-0.008	0.037	0.031	0.027	0.046	0.051	0.006	0.026	0.017	0.047	0.066	0.084	-0.012	-0.012	0.037	0.003	0.029	0.064	-0.009	0.011	0.016	0.090	0.033	0.032	0.029	0.103	0.140	0.372	0.397	0.390	0.028	0.069	0.077	0.318	0.279	0.152	0.010	0.005	-0.004	0.014	0.022	-0.002	-0.020	-0.019	-0.007	-0.008	0.000	0.006	-0.014	0.029	0.018	0.042	0.015	0.032	0.003	-0.001	0.028	0.023	0.027	0.013	-0.039	-0.074	-0.045	-0.057	-0.032	-0.027	0.036	-0.010	0.037	0.103	0.118	0.126	0.010	-0.008	0.036	0.067	0.069	0.076	0.043	-0.100	0.012	0.071	0.103	0.092	0.020	-0.012	0.047	0.030	0.041	0.068	0.072	0.051	0.078	0.075	0.071	0.117	0.055	0.051	0.075	0.085	0.043	0.026	0.076	0.061	0.075	0.087	0.066	0.091	0.082	0.058	0.064	0.091	0.072	0.115	0.078	0.063	0.040	0.087	0.037	0.093	0.085	0.090	0.060	0.082	0.081	0.085	0.007	-0.024	0.035	-0.026	-0.002	0.055	0.012	-0.031	0.021	-0.007	0.002	0.046	0.055	0.061	0.061	0.060	0.037	0.067	0.112	0.084	0.060	0.117	0.080	0.117	0.004	-0.028	0.027	-0.022	0.027	0.042	0.075	0.004	0.089	0.220	0.203	0.118	0.077	-0.007	0.065	0.206	0.131	0.128	0.067	-0.009	0.027	0.184	0.124	0.041	0.002	-0.021	-0.018	0.079	-0.011	-0.021	0.033	0.041	0.014	0.024	0.028	0.008	0.021	0.038	0.032	0.005	0.025	0.023	0.011	-0.011	-0.008	-0.019	-0.009	-0.020	-0.018	-0.045	-0.049	-0.025	-0.039	-0.022	-0.011	-0.046	-0.041	0.090	-0.032	-0.016	-0.013	-0.021	0.006	-0.006	-0.020	-0.025	0.020	-0.014	-0.010	0.012	0.015	-0.016	0.019	-0.019	0.009	0.045	-0.002	-0.005	0.013	0.011	0.011	0.029	0.012	-0.023	-0.016	-0.020	-0.036	-0.006	-0.048	-0.029	-0.013	0.007	0.026	0.050	0.007	0.018
Hs 578T	0.0	TNBC	0.311	0.266	0.121	0.691	0.847	0.265	-0.305	-0.302	0.257	0.148	0.454	0.062	0.272	0.464	0.298	0.566	0.764	0.272	-0.196	0.105	0.356	0.141	0.123	0.241	0.018	-0.241	-0.183	-0.253	-0.271	-0.242	0.042	0.185	-0.063	0.076	0.065	-0.125	-0.086	0.067	0.099	-0.017	0.297	-0.098	-0.090	0.192	-0.106	0.658	0.614	0.080	0.246	0.325	0.285	0.688	0.550	0.103	-0.143	-0.037	-0.130	0.008	0.141	-0.265	0.032	-0.181	0.193	0.535	0.757	0.382	0.271	0.479	0.416	0.270	0.503	0.386	-0.237	-0.373	-0.405	-0.330	-0.449	-0.310	0.178	0.324	0.277	0.268	0.207	0.014	-0.411	-0.348	-0.311	-0.439	-0.238	-0.414	0.096	0.271	0.220	0.776	0.801	0.492	0.119	-0.094	-0.153	0.418	0.344	0.280	0.108	0.436	0.283	0.787	0.465	0.425	-0.187	0.086	-0.150	-0.126	-0.015	-0.164	-0.226	-0.200	-0.197	-0.241	-0.184	-0.141	-0.098	0.020	-0.177	0.019	0.155	0.122	0.006	0.200	-0.213	-0.111	-0.085	0.029	-0.048	0.109	0.129	0.648	0.810	0.733	-0.193	-0.112	-0.057	0.624	0.655	0.439	-0.050	-0.160	-0.236	-0.128	-0.171	-0.204	-0.062	-0.091	-0.139	0.461	0.307	-0.038	0.044	0.027	-0.110	0.366	0.203	-0.089	-0.214	-0.346	-0.257	-0.284	-0.274	-0.240	-0.339	-0.335	-0.334	-0.319	-0.398	-0.318	-0.173	-0.199	-0.379	-0.184	-0.202	-0.360	-0.052	0.026	-0.007	0.196	0.073	0.011	0.150	0.032	0.076	0.072	0.006	0.018	0.076	0.011	0.008	0.284	0.070	-0.039	-0.046	0.013	0.041	0.073	0.005	0.055	-0.016	-0.122	0.014	0.004	0.013	0.032	0.697	-0.092	0.037	0.447	0.242	0.016	0.010	0.036	0.021	0.034	0.228	0.075	0.077	0.277	0.122	0.252	0.168	0.132	0.026	0.082	0.098	0.117	0.144	0.031	-0.001	-0.003	0.257	-0.024	0.179	-0.022	-0.017	0.010	0.040	0.099	0.063	0.025	-0.077	-0.001	-0.033	0.059	0.291	-0.028	0.008	0.030	-0.046	0.008	0.125	-0.025	-0.017	-0.005	-0.006	-0.025	-0.010	-0.042	-0.049	0.205	-0.016	-0.068	-0.063	0.013	-0.115	-0.126	0.010	-0.059	0.392	0.400	0.029	0.434	-0.112	-0.030	-0.087	0.686	0.139	-0.112	-0.096	0.074	-0.207	-0.143	-0.024	-0.110	1.357	-0.025	0.558	0.688	-0.062	-0.081	-0.130	0.376	0.094	-0.059	-0.138	0.397	-0.116	-0.156	0.038	-0.038	0.004	0.190	0.192	-0.062	-0.123	0.184	0.024	0.177	-0.000	0.128	0.055	0.055	0.071	-0.030	-0.044	0.018	0.023	0.020	-0.056	0.178	0.675	-0.086	-0.127	0.307	0.042	0.281	0.050	0.080	0.138	0.039	0.043	-0.118	0.001	-0.064	-0.047	-0.044	0.107	-0.072	-0.105	0.042	-0.129	-0.133	-0.102	-0.073	-0.042	-0.002	-0.085	-0.138	-0.176	-0.104	-0.124	-0.139	-0.132	-0.036
MCF 10A	0.0	TNBC	0.595	0.558	0.378	1.009	0.646	0.520	0.295	0.163	0.178	0.795	0.641	0.536	0.670	0.555	0.449	0.869	0.509	0.445	0.154	-0.024	0.092	0.530	0.272	0.020	0.041	-0.090	-0.216	0.115	-0.116	-0.226	0.196	-0.029	-0.103	0.434	0.238	-0.154	0.061	-0.077	-0.073	0.414	0.010	-0.041	0.110	-0.037	0.124	0.101	0.045	0.083	0.128	-0.019	-0.012	0.776	0.791	0.398	0.099	-0.051	0.020	0.116	-0.053	-0.065	0.223	0.126	0.065	0.427	0.043	0.020	0.036	0.010	-0.020	0.110	-0.074	-0.021	-0.088	-0.300	-0.367	-0.098	-0.294	-0.188	0.000	-0.049	0.001	-0.019	0.069	0.028	-0.142	-0.237	-0.221	-0.143	-0.289	-0.146	0.257	0.189	0.137	0.677	0.556	0.347	0.134	0.064	0.042	0.459	0.296	0.282	0.268	0.227	0.171	0.667	0.399	0.298	0.196	0.148	0.137	0.736	0.571	0.445	0.083	0.029	0.106	0.312	0.234	0.283	0.302	0.201	0.293	0.808	0.809	0.607	0.071	0.053	0.101	0.745	0.647	0.592	0.053	0.026	0.115	0.047	0.120	0.191	0.048	0.041	0.057	0.715	0.573	0.363	0.044	0.008	0.050	-0.002	0.014	0.103	0.038	0.013	-0.011	0.062	-0.067	0.026	-0.016	-0.040	-0.052	-0.007	-0.048	-0.013	-0.023	-0.007	0.048	-0.030	0.042	0.216	0.024	0.170	0.074	0.031	0.056	0.030	0.009	0.001	-0.010	0.032	-0.045	-0.066	-0.009	-0.002	0.020	0.326	0.078	-0.058	-0.058	-0.021	-0.008	0.027	0.042	-0.041	-0.014	0.028	0.004	0.102	0.051	-0.046	-0.062	-0.022	0.005	-0.004	0.021	-0.037	-0.039	-0.127	-0.149	0.026	-0.135	-0.149	-0.069	-0.119	-0.135	-0.053	-0.086	-0.118	-0.057	-0.099	-0.617	-0.041	-0.064	-0.106	-0.041	-0.074	-0.078	0.015	-0.054	-0.085	-0.059	-0.062	-0.096	-0.107	-0.009	-0.128	-0.043	-0.047	-0.098	-0.049	-0.094	-0.117	-0.048	-0.019	-0.005	0.098	0.001	-0.029	-0.041	-0.036	-0.034	-0.032	-0.030	-0.051	-0.002	-0.111	-0.093	0.111	-0.107	-0.111	-0.059	-0.071	-0.076	-0.059	-0.063	-0.092	-0.039	0.039	0.028	-0.041	0.013	-0.017	0.031	-0.011	-0.003	0.137	0.077	0.041	0.015	0.015	0.015	0.053	0.047	0.042	0.027	-0.017	-0.037	0.104	0.094	0.053	0.038	0.012	-0.003	0.025	0.041	-0.017	-0.034	-0.012	-0.037	-0.009	-0.065	-0.017	-0.007	-0.060	-0.048	0.020	-0.017	0.010	-0.029	-0.030	-0.027	-0.020	-0.070	0.025	-0.003	-0.004	-0.033	-0.024	-0.015	-0.060	0.013	-0.026	-0.070	0.026	-0.027	0.024	-0.047	-0.055	-0.053	-0.006	-0.033	-0.007	0.024	0.066	0.055	0.049	0.047	0.014	-0.048	0.042	-0.170	-0.055	0.007	0.022	-0.015	-0.062	-0.024	-0.008	-0.062	0.090	0.007	-0.016	-0.164	-0.019	-0.006	-0.004	0.131	-0.041	0.007	0.006	0.036	0.056
MCF 10F	0.0	TNBC	0.594	0.597	0.713	1.234	1.092	0.685	-0.006	0.062	0.033	0.882	0.867	0.687	0.843	0.716	0.781	1.204	0.918	0.630	0.291	0.445	0.476	0.934	0.800	0.614	0.180	-0.004	-0.002	0.131	0.034	-0.059	0.158	-0.049	0.012	0.504	0.376	0.021	0.132	-0.020	0.096	0.292	0.084	0.048	0.118	-0.018	-0.054	0.140	-0.065	-0.080	0.157	0.079	0.078	1.182	1.050	0.975	0.160	0.043	0.011	0.099	0.003	-0.007	-0.021	-0.019	0.087	0.527	0.129	0.029	0.101	0.042	-0.062	0.416	-0.029	-0.090	0.045	-0.116	0.022	0.070	-0.080	-0.007	-0.096	0.068	-0.084	-0.025	0.311	-0.117	-0.103	-0.163	-0.050	-0.053	-0.091	-0.051	0.112	0.063	0.037	0.412	0.140	0.068	0.024	0.040	0.024	0.054	0.076	0.064	0.135	0.017	0.068	0.386	0.090	0.087	0.386	0.570	0.657	0.837	0.833	0.820	0.045	0.003	0.029	0.049	0.050	0.096	0.030	0.008	0.032	0.463	0.379	0.349	-0.014	-0.024	-0.003	0.256	0.203	0.324	-0.080	-0.058	-0.028	-0.042	-0.053	0.032	0.016	0.014	-0.027	0.491	0.353	0.296	0.028	-0.019	-0.045	0.000	-0.012	-0.015	-0.013	-0.038	-0.016	0.088	0.008	-0.008	-0.026	-0.084	-0.067	-0.020	-0.028	-0.037	0.018	0.002	0.014	0.052	0.016	-0.018	-0.067	-0.088	-0.068	-0.067	-0.057	-0.044	-0.014	-0.011	0.023	0.016	-0.027	-0.017	0.081	-0.017	-0.060	0.274	0.147	-0.060	-0.007	0.342	-0.020	0.101	0.035	-0.041	0.043	0.003	-0.040	0.210	0.050	-0.029	-0.022	0.009	-0.046	0.071	0.030	-0.044	-0.022	0.001	0.030	-0.016	-0.001	0.011	0.003	0.003	0.026	-0.012	0.133	-0.026	0.010	0.001	0.037	0.009	0.036	-0.018	0.052	-0.036	0.015	0.016	0.026	0.015	0.041	0.013	0.033	0.107	0.100	-0.134	0.013	0.008	0.022	-0.006	-0.004	0.041	-0.001	0.002	0.008	0.047	0.005	-0.010	0.003	0.027	-0.003	0.171	0.008	-0.022	-0.161	-0.011	0.006	0.001	-0.002	0.043	0.021	0.006	0.034	-0.001	0.031	0.025	-0.075	-0.045	-0.048	-0.026	-0.046	-0.034	-0.025	-0.006	-0.023	0.026	0.034	-0.021	-0.007	0.013	0.004	0.008	0.001	0.000	0.002	0.003	-0.038	0.014	-0.006	-0.025	-0.023	0.008	-0.037	-0.015	-0.013	-0.015	0.018	-0.024	0.001	0.029	-0.004	0.023	0.029	-0.018	0.002	0.023	0.539	0.029	0.011	-0.003	-0.002	0.019	-0.025	0.012	0.008	0.046	0.018	0.018	0.025	0.004	0.002	0.011	0.031	0.036	-0.025	-0.067	0.037	-0.009	-0.006	0.035	-0.023	0.014	-0.009	0.074	0.004	0.014	-0.001	0.018	-0.007	0.008	-0.009	0.062	0.002	-0.004	0.013	0.035	0.012	0.017	0.017	0.005	0.024	-0.001	0.025	0.000	0.025	0.017	-0.010	0.026	0.025	0.005	-0.025	0.041
MCF-12A	0.0	TNBC	0.525	0.617	0.553	0.899	0.795	0.584	-0.008	0.229	0.192	0.954	0.720	0.555	0.697	0.651	0.571	0.911	0.702	0.377	-0.003	0.060	0.065	0.686	0.315	0.170	0.026	-0.045	0.001	0.159	0.039	-0.058	0.072	0.025	0.050	0.708	0.335	0.015	0.061	-0.049	-0.123	0.557	0.351	-0.038	0.138	-0.024	-0.138	0.132	0.104	0.061	0.251	0.109	-0.000	0.915	0.856	0.690	0.137	-0.032	-0.078	0.103	0.073	-0.042	-0.080	-0.043	0.186	0.618	0.390	0.283	-0.051	-0.078	-0.009	0.401	0.236	0.040	-0.135	-0.178	-0.122	-0.111	-0.156	-0.094	0.099	-0.054	-0.038	0.058	0.036	0.085	-0.380	-0.305	-0.271	-0.195	-0.207	-0.040	0.140	0.419	0.104	0.534	0.400	0.283	0.036	0.032	0.047	0.369	0.141	0.133	0.249	0.096	0.121	0.523	0.350	0.188	0.101	0.089	0.147	0.566	0.398	0.293	0.014	0.008	0.032	0.057	0.066	0.109	0.062	0.041	0.071	0.636	0.539	0.374	0.010	0.022	0.016	0.424	0.359	0.361	0.016	-0.051	-0.046	-0.030	-0.020	-0.059	0.061	0.040	0.008	0.581	0.461	0.379	0.026	-0.029	0.019	0.007	0.030	0.002	-0.027	-0.008	-0.006	0.088	0.045	0.019	-0.019	-0.051	-0.046	-0.036	0.003	-0.002	-0.011	-0.119	-0.784	-0.008	-0.047	-0.039	-0.022	-0.060	-0.022	-0.047	-0.051	-0.024	0.013	-0.034	-0.001	-0.021	-0.004	-0.025	0.045	0.057	-0.024	0.180	0.176	-0.011	0.013	-0.020	-0.003	0.109	0.022	0.021	0.062	0.054	0.001	0.179	0.139	-0.064	0.009	-0.031	0.014	0.049	0.005	-0.004	0.014	-0.030	0.015	-0.013	0.012	-0.028	-0.014	-0.001	0.022	-0.049	0.043	0.000	0.013	0.089	0.000	0.011	0.017	0.105	0.023	0.032	0.036	0.038	0.043	0.025	0.003	0.028	0.029	0.119	0.135	0.102	-0.001	0.011	0.015	0.005	0.009	0.041	-0.007	0.015	0.034	0.053	0.056	0.033	0.052	0.038	0.055	0.049	0.074	0.075	-0.012	0.012	0.002	0.002	0.057	0.032	0.076	0.061	0.077	0.055	0.091	0.110	-0.020	-0.010	-0.019	-0.023	-0.032	0.011	-0.052	0.049	0.018	0.068	0.035	-0.011	0.027	-0.003	-0.007	0.033	0.027	0.023	0.054	-0.000	-0.040	-0.018	0.027	-0.024	0.001	-0.018	-0.027	0.004	-0.012	-0.026	0.006	0.161	-0.002	-0.144	-0.002	0.094	0.015	-0.033	0.026	-0.019	0.046	0.003	0.001	-0.016	-0.001	-0.040	-0.003	0.021	0.036	0.018	0.052	0.005	0.027	0.033	-0.008	-0.009	-0.006	0.002	-0.022	0.062	-0.030	-0.027	-0.020	-0.036	0.028	0.035	0.007	-0.016	-0.002	0.019	0.007	0.011	0.032	0.032	0.011	0.037	0.026	0.065	0.022	0.003	-0.014	0.028	0.032	0.031	0.039	0.058	0.032	0.036	0.054	0.031	-0.058	0.107	-0.031	-0.007	-0.007	0.024
MCF7__b	0.0	HR+	0.542	0.462	0.419	1.163	0.708	0.332	0.041	0.033	0.019	0.595	0.550	0.466	1.129	1.034	0.850	1.508	1.331	0.712	1.217	1.240	1.148	1.712	1.680	1.129	0.053	0.007	0.002	0.136	0.108	0.163	0.167	0.101	0.080	1.085	0.907	0.716	0.064	0.040	0.072	0.723	0.489	0.528	0.012	0.005	-0.001	0.020	0.051	-0.026	0.024	0.054	0.160	0.735	0.524	0.252	-0.008	0.012	-0.028	-0.054	0.037	-0.047	0.713	0.563	0.790	1.195	1.168	1.136	0.967	0.892	0.919	1.097	1.009	0.934	-0.076	0.024	-0.084	-0.066	-0.009	-0.011	-0.053	-0.002	-0.035	-0.018	0.011	-0.003	-0.067	0.130	-0.015	-0.006	-0.057	-0.016	0.025	-0.009	0.082	0.170	0.094	0.108	0.016	0.015	0.050	0.074	0.110	0.122	0.170	0.179	0.196	0.551	0.477	0.406	0.450	0.610	0.798	1.026	1.075	0.989	0.016	0.003	0.018	0.346	0.370	0.519	0.219	0.282	0.224	0.983	0.947	0.900	0.070	0.093	0.073	0.849	0.837	0.841	-0.002	-0.012	-0.060	-0.034	-0.007	-0.030	-0.014	0.008	0.035	0.098	0.109	0.047	0.066	0.015	0.013	0.009	0.014	0.026	0.050	0.023	0.121	0.149	0.191	0.204	0.012	0.020	0.128	0.037	0.103	0.114	-0.016	0.008	-0.027	-0.022	0.089	-0.051	0.022	-0.026	-0.021	-0.064	-0.011	-0.019	-0.015	-0.034	0.015	-0.003	-0.006	-0.007	-0.014	-0.020	0.004	0.072	0.007	-0.000	-0.009	-0.037	0.021	-0.013	-0.003	0.002	-0.006	0.013	-0.006	0.155	-0.012	-0.028	-0.002	0.018	-0.037	0.356	0.059	-0.023	0.022	0.018	-0.004	0.015	0.027	0.043	0.010	0.024	0.048	0.020	0.112	0.086	-0.009	0.002	0.016	0.026	0.052	0.092	0.028	0.020	0.013	0.027	0.080	0.415	-0.000	0.013	0.021	0.035	0.039	0.014	0.015	0.036	0.040	0.040	0.056	0.005	0.009	0.024	0.002	0.044	-0.001	0.033	0.017	-0.002	0.028	0.037	-0.009	-0.010	0.075	0.093	0.026	0.065	0.071	0.058	0.031	0.034	-0.029	0.010	0.026	-0.066	0.002	0.030	0.040	-0.003	0.034	0.039	-0.006	-0.012	0.023	0.037	0.039	0.005	-0.010	-0.001	0.001	0.019	0.010	0.010	0.006	0.000	0.031	0.186	0.050	0.044	0.010	0.001	0.009	0.164	0.125	0.073	0.017	-0.010	0.037	0.009	0.014	0.089	0.007	0.011	0.062	0.017	0.093	0.086	-0.017	0.007	-0.022	-0.029	0.035	0.063	0.013	0.013	0.003	0.003	0.015	0.004	-0.012	0.013	0.001	0.052	0.022	-0.024	-0.014	0.006	-0.034	0.004	-0.018	0.011	0.047	-0.024	0.040	0.017	0.062	0.034	-0.003	0.007	0.019	0.017	0.044	0.003	-0.012	0.046	0.024	0.048	0.002	-0.049	0.045	0.013	-0.002	0.032	0.029	0.017	-0.024	-0.016	-0.024	0.015	0.018	-0.029
MDA-MB-134-VI	0.0	HR+	-0.054	-0.079	-0.057	-0.068	-0.049	-0.014	-0.011	-0.066	-0.011	-0.029	-0.014	0.009	-0.016	-0.038	-0.023	-0.011	-0.039	-0.007	0.182	0.162	0.384	0.637	0.611	0.579	-0.078	-0.053	-0.096	-0.086	-0.144	-0.117	-0.077	-0.051	-0.025	-0.006	-0.069	-0.066	-0.043	-0.056	-0.046	-0.022	-0.105	-0.085	-0.016	-0.068	-0.006	-0.061	-0.027	-0.054	0.004	-0.031	-0.007	-0.030	-0.015	-0.084	-0.007	-0.043	-0.022	-0.030	-0.014	-0.052	0.291	0.368	0.653	0.967	0.935	0.775	0.228	0.314	0.637	0.947	0.982	0.797	-0.191	-0.138	-0.111	-0.190	-0.081	-0.163	0.002	-0.094	-0.044	-0.053	-0.053	-0.072	-0.210	-0.122	-0.095	-0.134	-0.085	-0.111	-0.065	-0.067	-0.051	-0.045	-0.122	-0.099	-0.015	0.007	0.016	-0.062	-0.015	-0.020	-0.046	0.036	0.105	0.060	0.055	0.112	0.269	0.412	0.583	0.785	0.792	0.793	-0.055	-0.091	-0.080	-0.022	0.017	0.118	0.066	0.045	-0.039	0.674	0.607	0.469	0.089	0.061	-0.031	0.596	0.498	0.373	0.001	0.056	-0.018	0.053	-0.003	-0.039	0.059	0.056	0.004	0.072	0.033	-0.066	0.037	0.019	-0.008	0.038	0.016	-0.036	0.023	-0.013	0.056	0.375	0.309	0.202	-0.063	-0.046	0.018	0.257	0.252	0.190	-0.157	-0.219	-0.268	-0.218	-0.298	-0.254	-0.055	-0.016	-0.018	-0.023	-0.028	-0.054	-0.232	-0.119	-0.171	-0.146	-0.200	-0.170	-0.101	-0.088	-0.090	-0.035	-0.119	-0.079	-0.052	-0.023	-0.043	-0.037	-0.021	-0.036	-0.043	-0.022	0.006	-0.020	-0.003	0.025	-0.043	0.030	0.021	0.019	0.006	0.033	-0.076	-0.134	-0.173	-0.058	-0.154	-0.165	-0.038	-0.060	-0.160	-0.008	-0.094	-0.052	0.001	-0.029	-0.054	-0.024	-0.029	-0.027	0.018	-0.028	-0.026	0.019	-0.006	-0.031	0.035	-0.008	-0.041	0.067	0.001	-0.020	0.016	-0.021	-0.025	0.015	-0.018	-0.054	0.066	0.081	0.015	0.140	0.084	0.019	-0.051	-0.009	-0.008	0.113	-0.012	-0.069	-0.107	-0.138	-0.104	-0.124	-0.240	-0.222	-0.055	-0.122	-0.096	-0.115	-0.034	-0.070	-0.133	-0.157	-0.101	-0.135	-0.156	-0.134	-0.010	-0.057	-0.084	-0.041	-0.068	-0.066	-0.073	-0.025	-0.050	-0.079	-0.017	-0.028	-0.034	-0.017	0.009	-0.026	-0.039	0.004	-0.050	-0.004	-0.025	0.013	0.055	0.009	-0.035	-0.088	-0.051	-0.056	-0.085	-0.040	-0.044	-0.048	-0.084	-0.048	-0.052	-0.080	-0.026	-0.030	-0.059	-0.022	-0.072	-0.047	0.011	-0.026	-0.047	0.002	-0.023	-0.024	0.008	0.003	-0.034	-0.005	-0.034	-0.063	0.011	-0.020	-0.009	-0.009	-0.045	-0.054	0.002	0.013	0.055	0.169	0.146	0.103	-0.034	-0.007	0.114	0.166	0.140	0.080	-0.090	-0.081	-0.107	-0.077	-0.114	-0.035	0.024	0.044	-0.068	0.009	-0.008	-0.040	-0.053	-0.063	-0.096	-0.070	-0.050	-0.048
MDA-MB-157	0.0	TNBC	0.352	0.718	0.777	1.234	0.991	0.613	0.036	-0.006	-0.006	0.304	0.273	0.212	0.943	0.830	0.850	1.161	0.824	0.352	0.071	-0.011	-0.036	-0.030	0.041	0.030	0.028	0.036	0.026	0.453	0.184	0.136	0.046	0.105	-0.045	0.387	0.469	0.157	0.064	0.037	-0.009	0.274	0.180	0.132	0.356	0.456	0.522	1.197	0.957	0.520	0.035	-0.053	-0.059	0.350	0.130	-0.004	0.022	-0.004	-0.017	0.791	0.137	0.067	0.508	0.634	0.606	0.820	0.198	0.031	0.612	0.682	0.621	1.018	0.656	0.600	0.126	0.247	0.093	0.376	0.326	0.147	0.124	0.239	0.326	0.097	0.255	0.206	0.072	0.027	0.101	0.094	0.097	0.076	0.088	0.227	0.205	1.034	0.643	0.198	0.016	0.008	0.002	0.127	0.064	0.052	0.363	0.278	0.363	0.837	0.490	0.127	0.014	0.020	0.016	0.021	0.004	-0.004	-0.007	0.030	0.099	0.781	0.693	0.502	0.012	0.033	0.012	0.729	0.648	0.450	0.011	0.033	0.006	0.463	0.456	0.416	0.403	0.698	0.986	1.131	1.139	1.044	-0.024	0.018	0.008	0.149	0.042	0.020	-0.001	0.047	-0.002	0.993	0.510	0.074	0.016	0.052	0.032	0.087	0.005	-0.010	-0.001	0.057	0.040	0.122	0.060	0.032	-0.013	0.088	0.005	0.047	0.018	0.031	0.001	0.012	0.011	-0.002	-0.014	0.007	0.023	0.008	0.032	0.002	-0.011	-0.031	-0.032	-0.025	-0.006	0.230	0.015	-0.006	-0.026	0.011	0.009	0.008	-0.014	-0.002	0.026	-0.004	0.007	0.198	0.040	-0.023	-0.011	-0.004	0.002	-0.003	0.007	0.011	-0.009	0.028	0.025	0.026	0.028	0.185	-0.007	0.022	-0.000	0.056	0.026	0.008	0.083	0.011	0.002	0.042	0.076	0.045	0.015	0.068	0.078	0.394	0.257	0.093	0.087	-0.022	0.043	0.048	0.029	0.064	0.015	0.016	0.044	0.085	0.039	0.070	0.034	0.044	0.014	0.029	0.013	0.048	0.033	0.030	0.020	0.063	0.037	0.032	-0.001	0.016	0.025	0.020	0.081	0.030	0.034	0.043	0.041	0.050	0.062	0.065	0.009	-0.009	-0.018	-0.014	-0.018	-0.005	0.004	-0.021	-0.023	0.063	-0.021	-0.023	-0.031	-0.021	-0.011	-0.008	-0.032	-0.024	0.020	-0.019	-0.021	0.059	-0.003	-0.005	0.002	-0.000	0.007	0.008	-0.011	0.015	-0.004	-0.017	-0.006	0.017	-0.007	0.026	-0.010	-0.002	-0.000	-0.010	-0.014	-0.018	0.001	0.002	0.007	-0.030	0.006	-0.030	0.038	0.007	-0.012	0.113	0.001	-0.035	-0.036	-0.000	0.014	-0.028	-0.002	0.007	-0.013	-0.004	0.028	0.001	0.102	-0.010	0.076	0.035	0.011	0.017	0.022	0.066	0.129	0.060	0.054	0.048	0.010	0.033	-0.008	-0.001	0.042	-0.013	0.031	-0.037	0.022	0.023	0.016	0.004	0.038	0.051	-0.024	-0.026	-0.007	0.016	-0.033	0.014
MDA-MB-175-VII	0.0	HR+	-0.039	0.008	0.086	0.201	0.198	0.194	0.040	-0.045	-0.025	-0.013	-0.024	-0.034	0.016	0.036	0.123	0.239	0.159	0.141	-0.056	-0.046	-0.013	0.052	0.035	0.073	-0.145	-0.131	-0.104	-0.136	-0.131	-0.150	-0.041	-0.129	-0.122	-0.080	-0.131	-0.118	-0.099	-0.104	-0.133	-0.126	-0.165	-0.108	-0.105	-0.094	-0.109	-0.090	-0.101	-0.122	-0.089	-0.082	-0.109	-0.050	-0.099	-0.108	-0.110	-0.092	-0.117	-0.031	-0.119	-0.122	-0.057	-0.043	0.003	-0.003	0.007	0.001	-0.059	-0.041	-0.022	-0.031	-0.028	-0.010	-0.116	-0.114	-0.076	-0.138	-0.099	-0.076	-0.118	-0.099	-0.131	-0.116	-0.137	-0.141	-0.023	-0.040	-0.042	-0.056	-0.025	-0.055	0.013	0.013	-0.021	0.032	0.024	-0.008	-0.013	-0.017	0.017	0.024	-0.018	-0.003	-0.015	-0.013	-0.006	0.013	0.019	-0.037	-0.012	0.056	0.006	0.039	0.095	0.179	0.009	0.047	0.053	0.064	0.135	0.200	-0.008	0.040	-0.002	0.016	0.022	0.052	-0.011	0.026	-0.004	-0.006	-0.030	0.015	0.003	0.044	-0.017	0.057	-0.025	-0.030	-0.007	0.016	-0.001	0.108	-0.037	-0.035	0.004	0.025	-0.021	0.003	-0.027	-0.062	-0.040	0.002	0.030	-0.021	0.006	-0.016	-0.038	-0.001	-0.027	0.061	-0.018	-0.057	0.013	0.037	0.071	0.025	0.050	-0.009	-0.015	-0.008	-0.013	0.014	-0.001	-0.046	0.044	0.019	0.030	0.041	0.028	0.030	-0.005	-0.009	0.011	0.060	0.053	0.031	-0.019	0.005	0.026	0.019	0.010	0.010	-0.042	-0.024	-0.019	0.056	0.015	-0.012	-0.003	-0.006	-0.002	0.018	-0.004	-0.045	0.000	0.002	0.002	-0.002	-0.012	0.108	-0.011	-0.008	-0.032	-0.025	-0.035	-0.071	-0.023	-0.018	-0.027	-0.004	-0.018	-0.056	0.032	0.001	-0.023	0.013	-0.007	-0.054	-0.013	-0.022	-0.039	-0.044	-0.037	0.016	0.025	-0.016	-0.030	-0.019	-0.001	-0.074	0.030	0.034	0.063	0.043	0.028	0.015	0.015	0.040	0.006	0.015	0.015	-0.010	0.042	-0.030	-0.023	-0.046	0.015	-0.089	-0.011	-0.029	-0.065	-0.045	-0.047	-0.075	0.003	0.006	0.039	0.005	0.026	0.015	0.047	0.055	0.108	0.096	0.157	0.168	0.065	0.032	0.073	0.050	0.035	0.072	0.029	0.029	0.059	0.088	0.101	0.099	-0.416	-0.027	0.026	-0.003	-0.017	0.062	0.093	0.065	0.050	0.069	0.054	0.019	0.088	0.045	0.040	0.073	0.041	-0.000	0.070	0.027	0.070	0.044	0.040	0.020	0.060	0.067	0.056	0.050	0.054	0.075	0.084	0.050	0.041	0.055	0.060	0.025	0.079	0.036	0.030	0.045	0.053	0.019	-0.001	-0.109	0.014	0.010	-0.012	0.030	-0.021	-0.088	0.022	0.015	-0.053	-0.116	0.088	0.062	0.043	0.080	0.072	0.017	0.030	0.034	0.013	0.043	0.039	0.006	0.057	0.090	0.109	0.052	0.053	0.112
MDA-MB-231__a	0.0	TNBC	0.091	0.124	0.165	0.523	0.519	0.462	0.029	-0.007	0.004	0.146	0.102	0.119	0.168	0.208	0.257	0.582	0.624	0.411	0.012	-0.004	0.001	0.040	0.004	0.001	-0.074	-0.029	-0.030	-0.050	0.020	0.006	-0.050	-0.061	-0.036	-0.045	-0.006	0.044	-0.056	-0.017	-0.047	-0.013	-0.035	0.020	-0.039	-0.032	-0.003	0.006	0.026	-0.049	0.001	0.043	0.101	0.431	0.476	0.415	-0.002	-0.033	-0.030	-0.020	0.003	-0.043	0.123	0.148	0.248	0.391	0.207	0.086	-0.059	-0.028	0.124	0.392	0.251	0.176	-0.081	-0.050	-0.097	-0.060	-0.063	-0.061	-0.087	-0.077	-0.075	-0.091	-0.026	-0.135	-0.066	-0.063	-0.056	-0.080	-0.027	-0.123	0.012	0.030	0.021	0.423	0.238	0.095	0.027	0.024	0.037	0.082	0.037	-0.001	0.044	0.022	0.024	0.357	0.135	0.061	0.011	-0.015	0.006	0.008	0.017	-0.003	-0.006	0.040	0.050	0.344	0.316	0.214	0.006	-0.006	-0.045	0.412	0.383	0.249	-0.020	0.015	-0.014	0.179	0.174	0.199	-0.054	0.009	-0.011	0.111	0.000	-0.054	-0.012	-0.027	-0.000	0.349	0.284	0.092	-0.045	-0.025	-0.059	-0.047	-0.014	-0.090	-0.001	-0.007	-0.001	0.032	-0.001	-0.009	-0.075	-0.062	-0.040	-0.052	-0.048	-0.043	-0.042	-0.049	-0.083	-0.065	-0.035	-0.056	-0.066	-0.058	-0.082	-0.098	-0.037	-0.098	-0.002	-0.037	-0.036	-0.013	-0.016	-0.032	0.008	-0.008	-0.027	0.153	0.117	0.011	0.002	-0.019	-0.013	-0.028	0.021	-0.039	-0.015	0.012	0.016	0.163	0.041	0.049	0.000	-0.011	-0.003	-0.011	-0.006	-0.006	-0.049	-0.064	-0.083	-0.073	-0.074	-0.233	-0.042	-0.076	-0.048	-0.083	-0.069	-0.176	0.000	-0.031	-0.059	-0.018	-0.040	-0.174	-0.019	0.006	-0.050	-0.000	-0.033	-0.150	0.055	-0.011	-0.041	0.093	0.057	-0.088	-0.008	-0.043	-0.039	-0.005	-0.025	-0.163	-0.001	0.005	-0.004	0.033	0.007	-0.023	-0.018	0.030	-0.037	0.077	-0.002	-0.012	-0.036	-0.147	-0.216	-0.088	-0.166	-0.355	-0.054	-0.017	-0.084	-0.047	-0.072	-0.172	-0.031	-0.091	-0.077	-0.062	-0.098	-0.109	0.049	0.035	0.039	0.117	0.159	0.124	0.039	0.019	0.019	0.038	0.039	0.009	0.026	0.033	0.036	0.129	0.104	0.075	0.001	-0.001	0.004	0.034	0.012	0.001	-0.003	-0.019	-0.059	-0.051	-0.036	-0.070	0.003	0.001	-0.031	-0.036	-0.026	-0.079	-0.002	-0.015	-0.049	-0.043	-0.002	-0.079	0.013	0.003	-0.030	-0.019	-0.015	-0.052	0.011	0.010	-0.023	0.050	0.052	-0.011	-0.009	0.006	-0.038	-0.018	-0.023	-0.039	0.021	0.045	0.041	0.071	0.024	-0.004	-0.008	0.040	0.027	0.070	0.054	0.030	-0.007	-0.027	-0.042	-0.042	0.007	-0.079	0.010	-0.001	-0.035	-0.038	-0.020	-0.048	0.025	0.010	0.032	0.020	0.033	0.016
MDA-MB-361	0.0	HER2amp	0.492	0.452	0.394	1.225	1.005	0.460	0.226	0.101	0.152	0.770	0.901	0.716	0.997	0.814	0.527	1.259	0.990	0.416	1.013	1.187	1.083	1.522	1.365	1.197	-0.018	-0.010	-0.009	0.024	0.106	0.146	0.035	-0.006	-0.059	0.543	0.685	0.391	0.025	0.022	0.019	0.224	0.455	0.256	0.036	0.052	0.017	0.012	-0.014	0.219	0.054	0.099	0.028	0.147	0.074	0.052	0.017	0.053	0.056	0.034	0.036	0.048	0.849	0.924	1.102	1.131	0.932	0.790	0.848	0.905	1.087	1.279	1.164	1.067	-0.005	0.038	0.053	0.009	0.030	0.008	-0.010	0.035	0.011	0.024	0.038	0.106	-0.027	-0.027	0.010	0.007	-0.048	-0.049	0.139	0.012	0.129	0.486	0.391	0.476	0.064	0.038	0.080	0.254	0.288	0.340	0.242	0.177	0.132	0.859	0.895	0.926	0.697	0.867	0.956	0.995	0.965	0.979	0.039	0.063	0.097	0.275	0.398	0.537	0.047	0.088	0.131	0.768	0.814	0.796	0.053	0.067	0.112	0.569	0.743	0.753	0.005	-0.006	-0.024	-0.012	0.020	-0.022	0.023	0.012	0.027	0.050	0.023	0.042	0.036	-0.058	-0.023	-0.032	0.068	-0.025	0.026	0.051	0.162	0.206	0.113	0.038	-0.007	0.056	0.179	0.206	0.141	0.133	0.043	0.025	0.035	0.028	0.061	0.033	-0.008	0.020	0.014	-0.008	0.021	0.020	-0.005	-0.026	0.009	0.009	0.002	0.061	0.081	0.068	0.038	0.393	0.139	-0.035	0.032	0.048	-0.013	0.231	0.074	-0.050	0.219	0.114	0.019	0.414	0.135	0.026	0.191	0.275	0.158	0.579	0.408	0.230	0.022	0.002	0.150	-0.005	0.110	0.174	-0.049	0.055	0.098	0.064	0.150	0.098	-0.011	0.118	0.165	0.091	0.196	0.117	-0.071	0.044	0.106	0.056	0.079	0.124	0.006	-0.013	0.132	0.019	0.126	0.142	0.075	0.060	0.112	0.006	0.102	0.118	0.150	0.189	0.224	0.329	0.164	0.108	0.164	0.208	0.251	0.423	0.268	0.227	0.015	0.081	0.089	0.030	0.051	0.081	0.047	0.110	0.106	0.067	0.144	0.181	0.010	-0.002	0.001	-0.020	0.002	0.005	-0.054	-0.023	-0.041	0.000	-0.001	-0.039	-0.021	0.009	-0.007	-0.018	-0.004	-0.009	-0.008	-0.019	-0.043	-0.021	-0.071	-0.083	-0.033	-0.075	-0.065	-0.011	-0.075	-0.041	-0.041	0.012	-0.001	-0.016	0.003	-0.020	0.024	0.010	-0.011	-0.006	-0.034	-0.051	0.005	0.009	-0.010	-0.033	-0.032	-0.051	0.016	-0.004	-0.036	0.008	-0.025	-0.603	0.010	0.012	-0.025	0.009	-0.010	0.044	0.010	-0.005	-0.022	0.020	0.002	-0.029	-0.042	-0.027	-0.033	-0.011	-0.024	0.026	-0.049	-0.015	0.018	0.006	0.008	0.053	-0.037	-0.011	-0.039	0.005	0.021	-0.021	0.015	-0.024	0.008	-0.059	0.076	-0.005	-0.051	-0.026	-0.039	-0.043	-0.010	-0.014
MDA-MB-415	0.0	HR+	0.050	0.035	0.084	0.140	0.091	0.109	0.058	-0.003	0.035	0.045	0.033	0.069	0.706	0.718	0.609	1.073	0.936	0.623	0.588	0.731	0.881	1.058	1.177	1.102	0.008	-0.003	0.015	-0.021	0.047	0.023	-0.010	-0.039	-0.011	0.006	0.014	0.039	-0.000	0.003	-0.014	-0.000	0.030	0.021	-0.030	-0.076	-0.008	-0.039	-0.030	-0.039	0.004	0.032	0.083	0.559	0.272	0.121	-0.004	0.025	0.006	0.278	0.071	0.049	0.384	0.303	0.488	0.979	0.525	0.483	0.190	0.235	0.467	0.930	0.765	0.713	-0.025	-0.064	-0.036	-0.044	-0.022	-0.009	-0.008	-0.031	-0.009	-0.005	0.030	-0.012	-0.014	-0.093	-0.053	-0.079	-0.095	0.015	-0.027	-0.023	0.014	0.019	0.020	0.027	0.018	-0.008	-0.028	0.049	-0.007	0.032	0.037	0.071	0.092	0.142	0.198	0.166	0.049	0.161	0.191	0.269	0.236	0.202	-0.043	-0.017	0.017	-0.014	0.016	0.010	-0.069	-0.014	-0.020	-0.062	-0.023	0.022	-0.024	0.027	0.037	-0.003	0.000	0.007	0.020	0.011	0.005	0.006	0.053	0.009	0.022	-0.016	0.054	-0.046	0.088	0.083	-0.014	-0.004	0.026	0.037	0.079	0.037	0.002	0.021	-0.007	0.078	0.068	0.054	0.011	0.021	0.048	0.042	0.068	0.049	-0.034	-0.059	-0.051	-0.013	-0.014	-0.013	0.021	0.026	0.027	0.025	0.037	0.023	-0.030	-0.010	-0.016	0.010	-0.003	0.016	-0.010	0.139	-0.016	0.009	-0.039	-0.057	-0.041	-0.032	-0.029	-0.030	-0.008	-0.041	-0.007	-0.026	-0.011	0.118	-0.001	-0.051	-0.008	-0.001	-0.021	0.172	0.081	0.069	-0.064	-0.043	-0.086	-0.053	-0.045	-0.142	-0.027	-0.048	-0.026	-0.028	-0.029	-0.068	-0.048	-0.033	-0.039	-0.024	-0.011	-0.042	0.003	0.004	-0.011	0.022	0.033	0.021	0.011	-0.014	-0.025	0.031	-0.005	-0.009	-0.002	-0.010	-0.031	0.004	-0.009	-0.033	-0.011	-0.018	0.049	0.087	0.015	0.015	-0.013	0.010	0.040	0.029	0.022	0.030	-0.101	-0.095	-0.137	-0.121	-0.039	-0.234	0.013	0.020	0.047	0.027	0.054	0.028	-0.081	-0.054	-0.080	-0.100	-0.080	-0.075	-0.019	-0.021	0.001	0.013	-0.010	-0.001	-0.002	0.003	0.018	0.051	0.041	0.010	0.048	0.045	0.009	0.047	0.019	0.021	-0.009	0.029	-0.013	0.058	0.030	0.033	-0.016	-0.018	-0.000	-0.011	0.008	-0.010	-0.083	-0.023	0.031	-0.048	0.009	0.002	0.037	0.034	0.046	-0.100	0.030	0.006	-0.012	-0.014	0.008	-0.019	0.005	-0.019	-0.041	-0.001	0.020	-0.011	0.006	-0.002	0.012	-0.022	-0.010	0.002	-0.000	-0.007	-0.019	-0.002	0.008	0.021	-0.001	0.001	-0.003	0.068	0.003	0.022	-0.005	-0.003	-0.000	-0.031	-0.044	-0.026	-0.020	-0.063	-0.008	-0.023	-0.031	0.000	-0.004	-0.014	-0.020	-0.023	-0.005	-0.003	-0.014	-0.025
MDA-MB-436	0.0	TNBC	0.481	0.470	0.479	0.614	0.601	0.410	-0.135	0.009	-0.033	0.393	0.372	0.422	0.521	0.533	0.483	0.605	0.581	0.346	-0.126	-0.069	-0.017	-0.117	-0.013	-0.076	-0.336	-0.012	-0.154	-0.207	0.309	-0.079	-0.149	-0.160	-0.108	0.045	0.224	-0.058	-0.253	-0.091	-0.139	-0.072	-0.040	-0.056	-0.176	-0.059	-0.174	-0.166	0.287	-0.008	0.253	0.355	0.324	0.605	0.674	0.517	-0.102	-0.093	-0.190	-0.194	-0.022	-0.126	0.355	0.356	0.406	0.594	0.468	0.115	0.410	0.426	0.415	0.615	0.450	0.278	-0.183	-0.258	-0.189	-0.118	-0.057	-0.087	-0.159	-0.133	0.032	-0.308	-0.110	-0.053	-0.229	-0.113	-0.157	-0.180	-0.209	-0.134	-0.008	0.058	0.062	0.115	0.069	0.028	-0.066	-0.008	0.009	0.067	0.032	0.055	0.056	0.107	0.057	0.100	0.084	0.029	-0.024	-0.061	0.004	-0.008	-0.018	-0.049	-0.098	-0.030	-0.045	-0.032	0.036	0.007	0.026	-0.007	0.018	0.122	0.137	0.122	-0.022	-0.014	-0.008	0.039	0.110	0.059	-0.000	-0.031	-0.013	-0.001	0.054	-0.131	0.005	0.010	0.064	0.101	0.140	0.072	-0.025	-0.037	-0.019	-0.067	-0.024	-0.061	0.012	0.027	0.029	0.077	0.047	-0.031	-0.084	-0.092	-0.033	-0.059	-0.086	-0.058	-0.074	0.016	-0.025	0.028	-0.018	-0.048	-0.083	-0.134	-0.095	-0.112	-0.102	-0.156	-0.105	-0.018	0.004	-0.095	-0.021	-0.012	0.026	0.024	-0.017	0.345	0.171	-0.067	-0.051	-0.005	0.013	-0.019	0.014	-0.055	0.135	0.056	-0.070	0.344	0.095	-0.062	-0.058	-0.041	0.044	0.005	-0.008	-0.031	-0.025	-0.056	-0.052	-0.041	-0.044	-0.038	-0.027	-0.041	-0.051	-0.068	-0.061	-0.056	-0.032	-0.046	-0.071	-0.001	-0.030	-0.034	0.008	-0.027	0.014	0.027	-0.018	-0.002	-0.030	0.033	-0.018	0.292	0.331	0.019	-0.037	0.005	0.024	0.036	0.026	0.005	-0.006	0.029	-0.001	0.092	0.037	0.031	-0.012	0.032	-0.039	0.146	0.003	-0.009	-0.050	-0.057	-0.050	-0.036	-0.045	-0.022	-0.023	-0.025	-0.042	0.033	0.007	-0.022	-0.112	-0.041	0.040	-0.090	0.041	-0.075	0.020	0.049	0.035	0.054	0.078	0.002	0.002	-0.020	-0.004	0.057	0.008	0.101	0.011	0.017	-0.070	0.050	0.033	-0.040	-0.046	-0.048	-0.094	0.047	0.040	0.001	0.035	-0.042	0.016	-0.023	-0.036	-0.002	-0.001	-0.034	-0.029	-0.068	-0.054	-0.035	-0.121	-0.074	0.031	-0.058	-0.040	-0.055	-0.138	-0.040	-0.029	-0.116	-0.003	-0.073	-0.102	-0.087	0.002	0.028	0.095	-0.061	-0.098	0.034	0.021	0.006	0.037	-0.042	0.012	-0.045	-0.067	0.015	-0.005	0.081	0.014	-0.051	0.199	-0.004	0.001	-0.016	-0.002	-0.021	0.022	-0.045	-0.001	-0.005	-0.029	-0.043	-0.041	-0.081	-0.003	-0.026	-0.023	0.005	-0.010	-0.001	0.004	-0.002
MDA-MB-453	0.0	TNBC	0.244	0.284	0.313	0.789	0.176	0.274	0.155	0.176	0.135	0.594	0.724	0.323	0.418	0.418	0.101	0.393	0.237	0.274	0.375	0.468	0.504	0.913	0.749	0.503	0.165	0.148	0.103	0.118	0.065	0.170	0.194	0.127	0.107	0.136	0.129	0.116	-0.022	0.000	-0.025	-0.016	0.014	0.009	0.015	-0.042	-0.045	0.012	0.042	-0.072	-0.034	-0.012	-0.002	0.007	0.002	-0.006	0.034	-0.106	-0.065	-0.031	-0.062	-0.061	-0.027	0.006	0.129	0.520	0.384	0.163	-0.121	-0.057	0.085	0.592	0.624	0.549	0.003	-0.069	-0.065	-0.061	-0.024	-0.078	-0.074	-0.019	0.036	-0.046	-0.008	-0.017	-0.070	-0.055	-0.009	-0.102	-0.091	-0.068	-0.020	0.047	0.041	0.095	0.079	0.051	-0.044	0.033	0.027	0.105	0.121	0.052	0.080	0.109	-0.066	0.240	0.277	0.348	0.125	0.293	0.349	0.354	0.379	0.385	0.015	0.027	-0.009	0.034	0.038	0.003	0.031	0.040	-0.004	0.021	0.012	0.007	-0.006	0.025	0.021	0.019	0.019	-0.032	-0.034	0.032	-0.028	0.021	-0.033	-0.004	0.053	0.101	0.016	0.103	0.087	-0.037	-0.020	0.019	-0.017	0.027	-0.003	-0.052	-0.130	-0.079	-0.044	0.007	-0.005	0.049	-0.146	-0.140	-0.143	-0.017	-0.037	0.062	0.030	0.045	-0.016	0.038	0.077	0.024	-0.062	-0.054	-0.168	-0.037	-0.114	-0.152	-0.057	-0.038	-0.029	-0.020	0.012	0.035	0.005	0.078	0.017	0.123	0.059	-0.024	-0.035	0.004	-0.015	0.014	0.042	-0.019	0.021	-0.021	-0.006	0.092	0.002	-0.014	0.024	-0.013	-0.015	0.136	0.028	-0.023	0.052	0.075	0.043	0.079	0.048	0.025	0.022	0.041	0.020	0.041	-0.009	0.019	-0.022	-0.005	0.030	-0.003	-0.004	-0.012	-0.003	0.032	0.054	0.041	0.023	0.022	0.004	0.001	0.021	0.025	0.032	0.015	-0.004	-0.005	0.078	-0.002	0.002	0.016	0.043	0.020	-0.012	0.011	0.053	0.073	0.031	0.032	0.092	0.074	0.029	-0.008	0.104	0.135	0.104	0.072	0.093	0.072	0.009	0.057	0.037	0.095	0.025	0.018	0.057	0.138	0.141	0.127	0.118	0.107	0.010	0.038	0.112	0.409	0.067	-0.022	0.031	0.061	-0.215	-0.179	0.009	-0.008	0.002	-0.027	-0.144	0.022	0.003	-0.027	-0.001	0.005	0.005	-0.018	0.046	0.004	-0.069	-0.024	-0.009	-0.041	-0.018	-0.018	-0.005	-0.026	-0.015	0.001	0.001	0.015	0.063	0.026	-0.040	0.037	-0.043	-0.072	0.008	0.038	0.048	0.018	0.046	0.064	-0.004	0.030	-0.003	-0.005	0.017	-0.118	-0.004	-0.021	-0.019	-0.011	-0.020	-0.000	0.065	0.104	-0.037	0.017	0.011	0.010	0.155	0.015	0.002	0.044	0.004	0.047	-0.052	-0.003	-0.032	0.175	-0.026	-0.029	0.064	0.018	0.105	0.033	0.053	0.066	-0.025	-0.010	0.002	-0.005	-0.003	0.013
SK-BR-3__a	0.0	HER2amp	0.735	0.682	0.554	0.784	0.741	0.570	0.656	0.618	0.512	0.788	0.732	0.614	0.706	0.666	0.573	0.785	0.753	0.599	0.597	0.624	0.554	0.784	0.728	0.481	-0.079	-0.080	-0.050	-0.069	-0.069	-0.071	-0.082	-0.081	-0.024	-0.045	-0.071	-0.068	-0.058	-0.116	-0.038	-0.089	-0.014	-0.046	-0.026	-0.075	-0.004	-0.052	-0.030	0.030	0.031	0.026	0.070	0.472	0.173	0.052	-0.044	-0.097	-0.000	-0.016	0.038	-0.006	0.206	0.180	0.222	0.400	0.118	0.013	0.226	0.142	0.177	0.459	0.207	0.106	-0.105	-0.092	-0.065	-0.069	-0.030	-0.064	0.021	-0.033	0.020	-0.001	0.038	0.043	-0.038	-0.114	-0.110	0.000	-0.093	-0.107	0.242	0.144	-0.035	0.377	0.388	0.272	0.148	0.113	-0.001	0.329	0.307	0.179	0.192	0.167	-0.022	0.440	0.455	0.391	0.341	0.397	0.420	0.493	0.466	0.406	0.063	-0.003	-0.035	-0.002	-0.002	-0.044	0.135	-0.010	-0.008	0.114	0.128	0.008	0.062	0.035	0.038	0.060	0.054	0.019	0.083	0.031	-0.005	0.052	0.009	-0.053	0.059	0.059	0.034	0.152	0.111	-0.029	0.049	0.036	-0.029	0.027	0.012	-0.044	0.087	0.073	0.025	0.041	0.062	0.042	0.070	0.007	0.042	0.055	0.034	0.035	-0.012	-0.018	-0.029	-0.014	0.013	-0.040	0.026	0.012	0.014	0.059	0.047	-0.004	-0.031	-0.069	-0.028	-0.036	-0.046	-0.015	0.335	0.129	-0.013	0.512	0.153	-1.101	0.213	0.099	-0.017	0.534	0.136	-0.034	0.238	0.109	-0.017	0.523	0.175	-0.036	0.096	0.135	0.019	0.497	0.112	-0.028	0.008	-0.047	-0.034	-0.060	-0.018	-0.033	0.031	-0.008	-0.045	-0.037	-0.006	-0.083	0.004	-0.011	-0.011	-0.046	-0.018	-0.029	0.023	-0.013	-0.029	-0.005	-0.034	0.002	0.009	-0.016	-0.021	0.138	0.012	-0.028	0.043	-0.041	-0.032	0.001	-0.022	-0.029	0.003	0.057	-0.011	0.093	-0.031	-0.020	0.002	0.088	0.041	0.124	0.022	-0.024	-0.046	-0.037	-0.034	-0.050	-0.052	-0.064	0.031	-0.015	-0.016	-0.018	0.002	0.033	-0.019	0.052	-0.027	0.012	-0.020	-0.063	0.210	0.115	0.030	0.334	0.186	-0.000	0.161	0.083	0.045	0.352	0.168	0.022	0.196	0.096	0.062	0.369	0.199	0.014	0.083	0.060	-0.025	0.270	0.115	-0.040	-0.034	-0.060	-0.063	-0.058	-0.044	-0.074	-0.051	-0.065	-0.066	-0.066	-0.049	-0.061	-0.025	-0.068	-0.047	-0.045	-0.044	-0.035	-0.004	-0.050	-0.030	-0.046	-0.044	-0.007	-0.009	-0.028	-0.073	0.059	-0.035	-0.063	-0.014	-0.065	-0.064	-0.044	-0.060	-0.064	-0.009	-0.014	0.017	0.032	-0.016	-0.014	0.024	-0.008	0.012	0.043	0.018	-0.013	-0.044	-0.084	-0.074	-0.083	-0.074	-0.092	0.000	-0.054	-0.007	-0.027	-0.003	-0.023	0.301	-0.013	-0.003	0.003	-0.012	-0.022
T47D	0.0	HR+	0.718	0.761	0.871	1.035	0.987	0.795	0.011	0.113	0.206	1.015	0.965	0.930	0.959	1.041	0.948	1.101	1.078	0.797	0.834	1.148	0.994	1.112	1.099	1.018	0.010	-0.140	-0.170	-0.176	-0.172	-0.126	0.027	-0.146	-0.056	0.226	0.320	-0.043	-0.023	-0.120	-0.124	-0.068	-0.109	-0.066	-0.005	-0.096	-0.148	-0.064	-0.144	-0.170	0.033	-0.041	-0.113	0.092	-0.024	-0.136	-0.007	-0.136	-0.112	-0.107	-0.118	-0.162	0.424	0.397	0.660	0.882	0.575	0.556	0.137	0.232	0.401	0.868	0.536	0.454	-0.066	-0.240	-0.210	-0.219	-0.203	-0.175	-0.094	-0.205	-0.193	-0.139	-0.228	-0.254	-0.169	-0.077	-0.061	0.175	-0.133	-0.087	0.190	0.244	0.309	0.559	0.482	0.357	-0.009	0.027	0.046	0.357	0.313	0.312	0.309	0.300	0.334	0.551	0.539	0.477	0.431	0.543	0.590	0.697	0.669	0.680	0.046	0.006	-0.022	0.038	0.028	0.039	0.045	0.012	0.007	0.321	0.341	0.301	0.019	0.023	-0.001	0.027	0.129	0.237	0.040	0.008	-0.003	0.047	0.009	-0.047	0.025	0.027	0.010	0.064	0.045	-0.011	0.066	0.005	-0.016	0.008	0.004	-0.024	0.054	0.107	0.205	0.203	0.209	0.132	-0.004	0.026	0.088	0.114	0.095	0.101	-0.013	-0.015	-0.041	-0.037	0.005	-0.068	-0.005	-0.029	-0.019	-0.017	-0.021	-0.018	-0.033	-0.023	-0.018	-0.017	-0.022	-0.000	-0.007	0.049	-0.037	0.660	0.108	-0.038	-0.057	0.042	-0.015	0.277	0.057	-0.023	0.020	0.080	-0.064	0.653	0.113	-0.053	-0.014	0.105	0.055	0.756	0.521	0.201	0.027	-0.010	-0.040	-0.001	-0.008	0.012	0.002	0.039	-0.028	0.007	0.027	-0.077	-0.011	-0.014	-0.007	-0.010	-0.009	-0.060	0.043	0.031	-0.020	0.041	0.041	-0.041	0.048	0.076	0.005	-0.004	0.056	-0.033	0.028	0.017	-0.015	-0.045	0.001	-0.042	0.038	0.102	-0.006	0.113	0.025	0.012	-0.092	-0.037	-0.044	0.016	0.015	-0.032	0.007	0.003	-0.018	0.003	-0.033	-0.038	-0.017	-0.027	-0.032	-0.027	-0.003	-0.045	-0.032	-0.047	-0.013	-0.056	-0.027	-0.014	-0.033	0.015	0.009	0.066	0.062	0.020	-0.026	0.022	0.021	0.051	0.047	0.042	0.082	0.066	0.036	0.092	0.074	0.012	-0.012	0.047	0.012	0.102	0.257	0.021	0.028	0.016	-0.002	0.148	-0.022	-0.044	0.020	0.028	-0.025	0.021	0.084	-0.070	0.022	0.021	0.030	0.013	0.028	-0.080	0.012	-0.015	-0.014	-0.001	0.081	-0.066	0.022	0.024	-0.010	-0.005	0.148	-0.057	0.025	-0.003	0.016	0.034	0.015	-0.068	0.008	0.006	0.019	0.051	0.011	-0.020	-0.009	-0.000	0.013	0.035	0.012	0.672	-0.023	-0.042	-0.072	-0.007	-0.030	-0.068	-0.027	-0.025	-0.013	-0.003	-0.009	-0.050	-0.087	-0.019	-0.007	-0.063	-0.023	-0.005
UACC-812	0.0	HER2amp	0.048	-0.009	0.017	0.283	0.156	0.111	0.036	-0.028	0.010	0.225	0.153	0.169	0.060	0.051	0.084	0.348	0.231	0.227	0.032	0.096	0.107	0.219	0.275	0.253	-0.005	0.013	-0.010	0.069	-0.012	0.075	0.019	0.003	0.063	0.027	0.046	0.088	0.031	0.147	0.038	0.067	0.070	0.159	0.029	0.027	0.043	0.036	0.036	0.095	0.016	-0.009	0.081	0.010	0.029	0.044	0.084	0.054	0.069	0.031	0.050	0.078	0.054	0.047	0.032	0.098	0.017	0.038	0.095	0.074	0.063	0.091	0.063	0.031	-0.017	-0.031	0.016	-0.010	-0.001	0.012	0.031	0.038	0.054	0.052	0.039	0.067	-0.011	-0.053	-0.017	0.040	-0.054	-0.018	-0.027	-0.002	-0.039	0.034	0.029	0.341	-0.042	-0.024	-0.020	0.002	0.007	0.036	-0.051	-0.055	-0.033	0.174	0.310	0.605	0.020	0.096	0.133	0.469	0.576	0.658	-0.049	-0.042	-0.041	-0.053	-0.003	0.036	-0.047	-0.065	-0.018	-0.046	-0.044	-0.022	-0.025	-0.023	0.000	-0.023	0.028	0.022	-0.026	-0.027	0.026	-0.021	0.014	-0.005	0.020	0.002	0.027	-0.016	-0.012	0.012	0.003	-0.004	-0.009	-0.004	-0.028	0.015	-0.025	-0.013	0.020	-0.017	-0.019	-0.025	-0.046	0.019	0.039	-0.017	0.011	0.025	-0.035	-0.036	-0.069	-0.052	-0.023	-0.064	0.019	0.021	0.076	-0.012	0.028	0.029	-0.028	-0.035	0.006	-0.011	0.031	-0.025	0.001	0.023	-0.016	0.007	0.018	0.026	0.005	-0.015	-0.015	0.096	0.023	0.007	0.038	0.001	-0.007	0.061	0.037	0.038	0.015	-0.010	-0.019	0.021	0.005	-0.004	-0.026	-0.019	-0.012	0.486	-0.006	-0.020	-0.019	-0.001	0.009	-0.069	-0.052	-0.039	0.019	0.004	-0.020	-0.030	-0.058	0.007	0.012	-0.017	0.025	-0.002	0.021	0.060	-0.006	-0.015	-0.015	-0.011	-0.040	-0.012	-0.049	-0.028	-0.006	-0.038	-0.066	-0.005	0.033	0.020	0.010	0.023	0.023	-0.005	0.028	0.036	0.039	0.054	0.063	0.030	0.002	-0.088	-0.038	-0.034	-0.065	-0.067	0.055	0.027	0.017	0.038	-0.001	0.006	0.032	0.015	-0.002	0.035	-0.008	0.015	-0.051	-0.061	-0.046	0.007	0.000	-0.009	-0.035	-0.035	-0.012	-0.002	-0.026	-0.024	-0.021	0.040	-0.019	0.021	0.013	0.014	-0.004	-0.064	-0.039	0.010	0.079	-0.160	-0.029	-0.004	-0.007	-0.029	-0.005	0.024	-0.046	-0.039	-0.009	-0.081	-0.023	0.037	0.001	-0.031	0.031	-0.052	0.020	0.058	-0.013	-0.005	0.018	-0.006	0.027	0.075	-0.016	-0.023	0.007	0.096	0.017	0.039	-0.009	-0.006	0.005	0.002	0.015	0.052	-0.046	-0.043	-0.040	-0.033	0.049	-0.005	-0.024	-0.035	-0.015	-0.015	-0.012	0.009	-0.023	-0.010	-0.030	-0.019	-0.005	0.002	-0.025	0.028	0.018	-0.008	0.005	0.036	-0.014	-0.020	-0.017	-0.009	-0.005	-0.009
UACC-893	0.0	HER2amp	0.148	0.171	0.204	0.280	0.265	0.192	0.065	0.079	0.111	0.295	0.286	0.253	0.192	0.223	0.281	0.319	0.305	0.179	0.052	0.037	0.098	0.200	0.107	0.119	-0.024	-0.008	0.097	-0.018	0.061	0.026	0.018	-0.011	0.090	-0.042	0.022	0.068	0.011	0.009	0.056	0.015	0.055	0.036	0.075	0.034	0.013	0.016	-0.007	0.008	0.051	0.033	0.044	0.167	0.077	0.051	0.025	0.002	0.019	0.019	-0.007	-0.036	0.034	0.032	0.067	0.112	-0.104	0.007	0.015	0.012	0.023	0.098	0.047	0.040	-0.092	-0.097	0.069	-0.085	0.131	0.013	0.046	0.016	-0.009	0.001	-0.013	-0.005	-0.042	-0.089	-0.009	-0.103	-0.076	-0.045	0.065	0.093	0.094	0.076	0.105	-0.063	0.070	0.060	0.086	0.052	0.039	-0.099	0.008	-0.021	0.010	-0.003	0.033	-0.104	-0.021	0.023	0.000	-0.005	-0.004	-0.079	-0.102	-0.085	-0.038	-0.114	-0.107	-0.075	-0.085	-0.116	-0.074	-0.119	-0.044	-0.090	-0.117	-0.071	-0.098	-0.105	-0.099	-0.136	-0.083	-0.084	-0.032	-0.073	-0.047	-0.039	-0.036	-0.026	-0.025	-0.055	-0.046	-0.060	-0.068	-0.118	-0.040	-0.124	-0.114	-0.095	-0.053	-0.023	0.005	0.015	-0.004	-0.118	-0.052	0.009	0.001	-0.045	-0.011	-0.110	-0.188	-0.185	-0.127	-0.207	-0.099	-0.130	-0.053	-0.070	-0.047	-0.115	-0.055	-0.101	0.054	0.089	0.049	0.088	0.089	-0.208	-0.066	-0.020	0.020	0.085	-0.006	0.018	-0.054	0.025	0.012	0.076	0.035	-0.011	-0.059	0.000	-0.005	0.089	0.033	0.002	-0.059	0.002	-0.015	0.015	0.014	0.012	-0.015	-0.046	-0.077	-0.012	0.012	-0.134	-0.015	-0.102	-0.085	-0.060	-0.090	-0.137	-0.025	-0.095	-0.094	-0.032	-0.101	-0.156	-0.091	-0.121	-0.170	-0.077	-0.131	-0.177	-0.061	-0.068	-0.079	-0.057	-0.096	-0.165	-0.009	-0.062	-0.077	-0.045	-0.092	-0.153	-0.060	-0.007	0.011	-0.022	0.021	-0.053	-0.065	-0.094	-0.019	-0.065	-0.065	-0.064	-0.032	0.001	-0.037	-0.063	-0.022	-0.118	-0.061	-0.079	-0.137	-0.113	-0.130	-0.265	-0.084	0.054	-0.004	-0.026	-0.054	-0.012	0.050	0.056	0.040	0.079	0.073	0.041	0.019	0.032	0.009	0.076	-0.063	-0.007	0.021	0.009	-0.003	0.100	-0.048	-0.017	-0.016	0.066	-0.036	0.045	0.013	-0.061	0.015	-0.059	0.079	-0.034	0.033	-0.027	-0.033	-0.065	0.063	-0.089	-0.021	0.016	-0.073	-0.054	0.080	-0.111	0.026	0.058	-0.006	0.011	0.031	-0.023	0.062	0.113	-0.005	-0.010	0.028	-0.071	-0.018	0.034	0.006	0.003	0.047	-0.106	0.063	0.003	0.111	0.044	0.038	0.015	0.031	0.009	-0.029	0.033	0.039	0.037	0.051	-0.010	0.004	0.053	0.056	0.066	0.041	-0.008	-0.003	0.069	0.021	-0.016	0.032	0.019	0.025	0.155	0.145	0.037	0.065	0.087
ZR-75-1	0.0	HR+	0.353	0.385	0.629	1.201	0.962	0.617	-0.087	0.020	0.102	0.728	0.537	0.569	0.885	0.724	0.757	1.180	0.906	0.423	0.798	0.839	0.855	1.191	1.098	1.051	-0.063	-0.105	-0.054	0.571	0.092	-0.001	-0.053	-0.110	-0.095	0.713	0.335	0.075	-0.047	-0.062	-0.106	0.198	0.085	0.090	-0.115	-0.099	-0.117	-0.094	-0.114	-0.114	-0.036	0.055	-0.005	0.536	0.217	0.014	-0.090	-0.036	-0.048	-0.015	-0.040	-0.108	0.541	0.442	0.634	1.112	0.908	0.881	0.614	0.593	0.813	1.026	0.960	0.893	-0.152	-0.162	-0.159	-0.197	-0.209	-0.282	-0.122	-0.123	-0.101	-0.120	-0.097	-0.112	-0.264	-0.155	-0.189	-0.131	-0.012	0.023	0.004	0.032	0.046	0.541	0.265	0.116	-0.058	-0.031	-0.001	0.107	0.081	0.095	0.179	0.134	0.148	0.570	0.363	0.385	0.587	0.851	0.983	1.160	1.193	1.224	-0.010	-0.041	0.020	0.474	0.282	0.215	-0.012	-0.068	-0.040	0.770	0.606	0.505	-0.027	-0.040	-0.003	0.275	0.164	0.321	-0.026	-0.056	-0.019	-0.072	-0.061	-0.067	0.023	-0.013	0.027	0.194	0.110	0.013	-0.013	-0.044	-0.021	-0.032	-0.043	-0.042	-0.005	0.003	0.031	0.115	0.045	0.053	-0.019	-0.005	-0.013	0.136	0.032	0.029	-0.058	-0.085	-0.062	-0.069	-0.058	-0.096	-0.049	0.044	-0.024	-0.081	-0.057	-0.040	-0.090	-0.078	-0.070	-0.094	-0.079	-0.056	0.094	-0.013	-0.023	0.120	0.047	0.017	0.008	0.011	-0.017	0.003	0.027	-0.004	0.013	0.002	0.023	0.135	0.062	0.049	0.028	0.030	0.036	0.156	0.130	0.104	-0.006	-0.009	-0.058	0.013	-0.024	-0.114	-0.036	-0.006	-0.044	0.026	0.019	-0.067	0.009	-0.018	-0.039	0.030	0.025	-0.016	0.045	0.024	-0.030	0.021	0.001	-0.077	0.041	0.032	-0.037	0.035	-0.004	-0.051	0.066	0.012	-0.024	0.030	0.017	-0.009	-0.016	0.004	0.024	0.041	0.057	0.035	-0.062	-0.032	0.041	-0.003	0.056	0.131	-0.050	-0.056	-0.159	-0.027	-0.072	-0.193	0.055	0.021	-0.015	0.009	0.060	-0.080	0.102	-0.049	-0.048	-0.057	0.034	0.031	-0.002	0.013	0.015	0.206	0.088	0.014	0.012	0.004	0.030	0.024	0.066	0.024	0.060	0.042	0.028	0.219	0.069	0.011	0.035	0.025	0.012	0.177	0.167	0.113	-0.014	-0.044	-0.039	-0.015	-0.055	-0.109	0.023	-0.042	-0.058	-0.021	-0.048	-0.065	0.009	-0.042	-0.029	-0.041	-0.044	-0.069	-0.003	-0.022	-0.027	0.016	-0.009	-0.032	-0.004	-0.018	-0.033	0.018	-0.005	-0.028	0.027	-0.035	0.021	0.004	0.011	-0.039	0.042	0.030	0.191	0.124	0.067	0.047	0.027	0.021	0.037	0.111	0.074	0.058	-0.012	-0.023	-0.047	-0.020	-0.014	-0.035	-0.030	-0.010	-0.034	0.002	-0.030	-0.045	-0.019	-0.011	0.001	-0.012	-0.028	0.003
ZR-75-30	0.0	HER2amp	0.078	0.092	0.076	0.083	0.087	0.102	0.037	0.076	0.123	0.089	0.094	0.117	0.054	0.065	0.075	0.167	0.209	0.140	0.196	0.282	0.246	0.286	0.294	0.178	0.102	0.073	0.114	0.118	0.073	0.068	0.050	0.079	0.080	0.053	0.080	-0.010	0.066	0.032	0.045	0.067	0.082	-0.023	0.086	0.020	0.111	0.094	0.068	0.015	0.051	0.026	0.067	0.031	0.077	0.020	0.065	0.005	0.094	0.047	0.112	-0.034	-0.000	0.091	0.080	0.036	0.027	0.068	-0.047	0.005	0.030	0.032	0.021	-0.009	-0.037	-0.091	-0.071	-0.025	-0.078	-0.006	-0.054	-0.059	-0.012	-0.031	-0.040	-0.022	-0.022	-0.025	-0.030	-0.031	-0.048	-0.040	0.009	0.065	0.060	0.061	0.064	0.249	0.001	0.089	0.025	0.009	0.133	0.275	0.027	0.091	0.155	0.525	0.587	0.516	0.399	0.555	0.543	0.654	0.643	0.533	0.017	-0.055	0.013	-0.021	-0.039	-0.061	0.046	0.019	0.042	0.024	-0.010	-0.033	0.057	0.025	0.049	0.023	0.044	-0.050	0.046	0.034	0.028	0.009	0.072	-0.050	0.015	0.032	0.110	0.045	0.052	-0.031	0.036	0.050	0.043	0.050	0.039	-0.022	-0.012	0.053	0.049	-0.029	0.064	0.035	-0.031	-0.025	-0.008	-0.125	-0.009	-0.029	-0.035	-0.082	-0.044	-0.108	-0.060	-0.065	-0.013	-0.014	0.026	-0.026	-0.000	-0.017	-0.078	-0.018	-0.044	-0.028	-0.054	-0.038	-0.039	-0.032	-0.017	0.082	-0.023	-0.044	-0.038	-0.046	-0.074	0.048	-0.034	-0.027	-0.040	-0.016	-0.053	0.065	0.017	-0.043	-0.027	0.036	0.008	0.141	0.125	-0.012	-0.067	-0.037	-0.065	-0.097	-0.012	0.049	-0.020	-0.105	-0.067	-0.049	-0.052	0.063	-0.035	-0.085	-0.063	-0.083	-0.036	-0.015	-0.000	-0.012	-0.005	-0.030	-0.022	-0.011	-0.005	-0.029	-0.015	-0.029	-0.023	0.048	-0.046	-0.047	-0.053	-0.064	-0.050	0.038	-0.040	-0.020	0.009	0.049	0.022	-0.022	-0.036	0.001	-0.018	0.060	0.014	0.027	-0.057	-0.023	-0.022	-0.029	-0.019	0.020	0.012	-0.011	-0.030	0.002	0.003	0.012	-0.046	0.022	-0.008	0.144	0.041	-0.044	0.037	0.026	0.003	0.027	-0.000	-0.007	0.020	0.004	-0.003	-0.000	-0.013	-0.003	0.175	0.015	0.006	0.046	0.015	-0.015	0.060	0.064	0.007	0.094	0.110	0.037	0.008	0.004	0.026	0.024	0.023	-0.002	-0.002	-0.018	0.032	0.006	0.016	-0.019	0.017	-0.028	0.020	0.008	0.015	0.005	0.004	-0.021	0.000	0.012	0.006	-0.015	-0.008	-0.028	-0.003	0.003	-0.078	0.005	-0.005	-0.014	0.014	-0.008	0.017	-0.014	0.042	0.006	0.000	0.021	0.004	0.319	0.011	-0.048	-0.020	0.057	0.003	-0.013	0.019	0.001	0.046	0.051	0.009	0.069	-0.024	-0.016	-0.021	0.031	-0.026	-0.006	0.039	0.009	0.030	0.024	0.048	0.006
