	perk,egf,1,t10	perk,egf,1,t30	perk,egf,1,t90	perk,egf,100,t10	perk,egf,100,t30	perk,egf,100,t90	perk,epr,1,t10	perk,epr,1,t30	perk,epr,1,t90	perk,epr,100,t10	perk,epr,100,t30	perk,epr,100,t90	perk,btc,1,t10	perk,btc,1,t30	perk,btc,1,t90	perk,btc,100,t10	perk,btc,100,t30	perk,btc,100,t90	perk,hrg,1,t10	perk,hrg,1,t30	perk,hrg,1,t90	perk,hrg,100,t10	perk,hrg,100,t30	perk,hrg,100,t90	perk,ins,1,t10	perk,ins,1,t30	perk,ins,1,t90	perk,ins,100,t10	perk,ins,100,t30	perk,ins,100,t90	perk,igf-1,1,t10	perk,igf-1,1,t30	perk,igf-1,1,t90	perk,igf-1,100,t10	perk,igf-1,100,t30	perk,igf-1,100,t90	perk,igf-2,1,t10	perk,igf-2,1,t30	perk,igf-2,1,t90	perk,igf-2,100,t10	perk,igf-2,100,t30	perk,igf-2,100,t90	perk,pdgf-bb,1,t10	perk,pdgf-bb,1,t30	perk,pdgf-bb,1,t90	perk,pdgf-bb,100,t10	perk,pdgf-bb,100,t30	perk,pdgf-bb,100,t90	perk,hgf,1,t10	perk,hgf,1,t30	perk,hgf,1,t90	perk,hgf,100,t10	perk,hgf,100,t30	perk,hgf,100,t90	perk,scf,1,t10	perk,scf,1,t30	perk,scf,1,t90	perk,scf,100,t10	perk,scf,100,t30	perk,scf,100,t90	perk,fgf-1,1,t10	perk,fgf-1,1,t30	perk,fgf-1,1,t90	perk,fgf-1,100,t10	perk,fgf-1,100,t30	perk,fgf-1,100,t90	perk,fgf-2,1,t10	perk,fgf-2,1,t30	perk,fgf-2,1,t90	perk,fgf-2,100,t10	perk,fgf-2,100,t30	perk,fgf-2,100,t90	perk,ngf-beta,1,t10	perk,ngf-beta,1,t30	perk,ngf-beta,1,t90	perk,ngf-beta,100,t10	perk,ngf-beta,100,t30	perk,ngf-beta,100,t90	perk,efna1,1,t10	perk,efna1,1,t30	perk,efna1,1,t90	perk,efna1,100,t10	perk,efna1,100,t30	perk,efna1,100,t90	perk,vegf165,1,t10	perk,vegf165,1,t30	perk,vegf165,1,t90	perk,vegf165,100,t10	perk,vegf165,100,t30	perk,vegf165,100,t90	pakt,egf,1,t10	pakt,egf,1,t30	pakt,egf,1,t90	pakt,egf,100,t10	pakt,egf,100,t30	pakt,egf,100,t90	pakt,epr,1,t10	pakt,epr,1,t30	pakt,epr,1,t90	pakt,epr,100,t10	pakt,epr,100,t30	pakt,epr,100,t90	pakt,btc,1,t10	pakt,btc,1,t30	pakt,btc,1,t90	pakt,btc,100,t10	pakt,btc,100,t30	pakt,btc,100,t90	pakt,hrg,1,t10	pakt,hrg,1,t30	pakt,hrg,1,t90	pakt,hrg,100,t10	pakt,hrg,100,t30	pakt,hrg,100,t90	pakt,ins,1,t10	pakt,ins,1,t30	pakt,ins,1,t90	pakt,ins,100,t10	pakt,ins,100,t30	pakt,ins,100,t90	pakt,igf-1,1,t10	pakt,igf-1,1,t30	pakt,igf-1,1,t90	pakt,igf-1,100,t10	pakt,igf-1,100,t30	pakt,igf-1,100,t90	pakt,igf-2,1,t10	pakt,igf-2,1,t30	pakt,igf-2,1,t90	pakt,igf-2,100,t10	pakt,igf-2,100,t30	pakt,igf-2,100,t90	pakt,pdgf-bb,1,t10	pakt,pdgf-bb,1,t30	pakt,pdgf-bb,1,t90	pakt,pdgf-bb,100,t10	pakt,pdgf-bb,100,t30	pakt,pdgf-bb,100,t90	pakt,hgf,1,t10	pakt,hgf,1,t30	pakt,hgf,1,t90	pakt,hgf,100,t10	pakt,hgf,100,t30	pakt,hgf,100,t90	pakt,scf,1,t10	pakt,scf,1,t30	pakt,scf,1,t90	pakt,scf,100,t10	pakt,scf,100,t30	pakt,scf,100,t90	pakt,fgf-1,1,t10	pakt,fgf-1,1,t30	pakt,fgf-1,1,t90	pakt,fgf-1,100,t10	pakt,fgf-1,100,t30	pakt,fgf-1,100,t90	pakt,fgf-2,1,t10	pakt,fgf-2,1,t30	pakt,fgf-2,1,t90	pakt,fgf-2,100,t10	pakt,fgf-2,100,t30	pakt,fgf-2,100,t90	pakt,ngf-beta,1,t10	pakt,ngf-beta,1,t30	pakt,ngf-beta,1,t90	pakt,ngf-beta,100,t10	pakt,ngf-beta,100,t30	pakt,ngf-beta,100,t90	pakt,efna1,1,t10	pakt,efna1,1,t30	pakt,efna1,1,t90	pakt,efna1,100,t10	pakt,efna1,100,t30	pakt,efna1,100,t90	pakt,vegf165,1,t10	pakt,vegf165,1,t30	pakt,vegf165,1,t90	pakt,vegf165,100,t10	pakt,vegf165,100,t30	pakt,vegf165,100,t90
184B5	0.622461159628944	0.594653187891302	0.453294246408332	0.716385504172537	0.63701311776189	0.441772934459531	0.122245309879712	0.121957320982339	0	0.701952087045947	0.588367540024855	0.637172246961457	0.670067606010338	0.655163560041151	0.529682254778299	0.698023401106773	0.627429817694066	0.48098928041708	0	0	0	0.24031005470478	0.215311941714413	0	0	0	0	0	0	0	0	0	0	0.458963894339754	0	0	0	0	0	0.255771441643448	0.152064914724833	0	0	0	0	0	0	0	0.18075081429735	0.224426258458254	0	0.769360914582597	0.815710566494458	0.616560807489438	0	0	0	0.151393591258154	0	0	0.464337903484352	0.38426016836243	0.306612471793688	0.604294619375806	0.217967884848242	0.226962300288397	0	0	0	0.177586544039936	0.190501418952539	0	0	0	0	0	0	0	0	0	0	0	0	0.146223459875986	0.251290899103378	0	0	0.152749204016957	0	0	0.388894127382722	0	0	0.77162618019291	0.593109132769929	0.344487100218673	0	0	0	0.653744668945378	0.187348192092795	0	0.530886491654432	0.196549998027813	0	0.793511584527535	0.541180338475869	0.337738199398014	0	0	0	0.546224273529503	0.3226935772334	0.19427813280132	0	0	0	0	0	0	0	0	0	0.763798760909442	0.697685675262955	0.64067133130294	0	0	0	0.535004956182644	0.289257281384609	0.559382678261994	0	0	0	0	0	0	0	0	0	0.836590544304249	0.710001314903496	0.655207080646538	0	0	0	0	0	0	0.227291025654868	0	0	0.247992843892157	0	0	0	0	0	0	0	0	0	0	0	0	0	0	0	0	0	0	0	0	0	0	0	0	0	0
21MT1	0.280183691150682	0	0	0.703239760955273	0	0	0	0	0	0.444775268862591	0.498073541355981	0	0.338254894981008	0.323629888693239	0	0.753287845157395	0.354414221910218	0	0.563294406166169	0.547469884037996	0.457258552478728	0.801852876210964	0.635135467522483	0.474767430281345	0	0	0	0	0	0	0	0	0	0	0	0	0	0	0	0	0	0	0	0	0	0	0	0	0	0	0	0.661229654432744	0.545607758782785	0.27044861998264	0	0	0	0	0	0	0	0	0	0	0	0	0	0	0	0	0	0	0	0	0	0	0	0	0	0	0	0	0	0	0.268663118216634	0	0	0.369098419161056	0	0.483223548535645	0.114684870169991	0	0	0.113712681224884	0	0	0	0	0	0	0	0	0.118346627722734	0.084958695443105	0	0.502660230236998	0.535916579075011	0.474059987175987	0.493713378360757	0.666284226587931	0.800385747054699	0.940493182264988	0.95364817032424	0.871894552708785	0	0	0	0	0	0	0	0	0	0	0	0	0	0	0	0.101646662997663	0	0	0	0	0	0.120434408762925	0	0	0	0	0	0.354171530771659	0.176482386564403	0	0	0	0	0	0	0	0	0	0	0	0	0	0	0	0	0	0	0	0	0	0.342122753197514	0	0	0	0	0	0	0	0	0	0	0.136735666048561	0	0	0.134935115013664	0
21PT	1.14794276938473	1.17025249041292	0	1.57180437106421	1.30192378275117	0.641849613908535	0.696577535865035	0	0	1.52617932914002	1.43428203907658	0.971027987067752	1.30985516435565	1.19113870650403	0	1.62585195028703	1.42739961149821	0.445022317155633	1.21073230793875	1.17834118630113	0.361979219615945	1.5085198320077	1.4029910602007	0.953686686358866	0	0	0	0	0	0	0	0	0	0.386455243374404	0	0	0	0	0	0	0	0.445653077774129	0	0	0	0.808854837420864	0	0	0	0	0	1.4324247099242	1.31942397759809	0.797894534641928	0	0	0	0	0	0	0	0	0	0	0	0	0	0	0	0	0	0	0	0	0	0	0	0	0	0	0	0	0	0	0	0	0	0.660911565082986	0	0	0	0	0	0.663426660156684	0	0	0	0	0.429171442370135	0.396440948159858	0	0	0.340760407755555	0	0	1.07087033687279	1.07142698887808	0.485044654049432	1.11225550748303	1.19033598561944	0.59709049576165	1.37049610271097	1.38825938329208	1.33099933070888	0	0	0	0	0	0.416446621649151	0	0	0	0	0	0.446091935071927	0	0	0	0	0	0.314952827476156	0	0	0	0.359031118489375	0	0.340417668866777	0	0	0	0.752390599461997	0.501726580885251	0.491000129866734	0	0	0	0	0	0.363497428336747	0	0	0	0	0	0	0	0	0	0	0	0	0.249798698699021	0.409386163811489	0.550600239522506	0.440972230307153	0.335567590637986	0.373821206650758	0	0	0.20725641624487	0	0	0.397724927550388	0	0.447040726227077	0.435130296721325	0	0.308601901108004	0.410962944894059
AU565	0.603948561724956	0.584552115481617	0.429771191161435	0.694217856043972	0.641713376547024	0.504817801261349	0.55849042074955	0.605413173710437	0.476337361036076	0.671611438223616	0.708655156871253	0.574098267391836	0.593638285670552	0.59069139842403	0.435709880954705	0.65313186151406	0.662955565555806	0.561566864679462	0.454428170739735	0.50362285549216	0.46166821123171	0.657136464637122	0.656627226705454	0.438689517380772	0	0	0	0	0	0	0	0	0	0	0	0	0	0	0	0	0	0	0	0	0	0	0	0	0	0	0	0.629757672633034	0.368045067415223	0.351576324037812	0	0	0	0	0	0	0.211818419552041	0	0	0.267480223943428	0	0	0.195855945920403	0	0	0.303204164710199	0	0	0	0	0	0	0	0	0	0	0	0	0	0	0	0	0	0.216126836006087	0	0	0	0.143853085524591	0	0.429006774904718	0.494114420265966	0.360124378915095	0	0.17867259622464	0	0.382693096046108	0.540081201225332	0.318774319050744	0	0.165724678208402	0	0.523601282199615	0.645088319307824	0.558839960650059	0.354836394436847	0.555044582329164	0.581910511363311	0.657569173331912	0.801304658002752	0.654877251481977	0	0	0	0	0	0	0	0	0	0	0	0	0	0	0	0	0	0	0	0	0	0	0	0	0	0	0	0.226304008854718	0.209703409516318	0.218203425106252	0	0	0	0	0	0	0	0	0	0	0	0	0	0	0	0	0	0	0	0	0	0	0	0	0	0	0	0	0	0.122529302144346	0	0	0	0	0	0
BT20	1.81184772268779	1.77948571329968	1.70259499957824	1.8516481590789	1.82068309032303	1.73971087463214	1.83022727552669	1.81400850958252	1.71085019259669	1.8465845068347	1.83241041437898	1.75577931924055	1.81607414244595	1.73409735794751	1.68574007587961	1.83572034404154	1.80199024738502	1.72469870968525	1.324616794181	1.39470534027529	1.30524156534371	1.73065908990321	1.59339074366743	1.51531706379714	0.564978699542707	0	0	0	0	0.715243976294244	0	0	0	0.511487963520371	0.630342807369967	0.470654933351355	0	0	0	0	0	0	0	0	0	0	0	0.599528964485898	0	0.629908105332209	0.505050913029197	1.82049306284874	1.76114971634179	1.61767203167548	0	0	0	0	0	0	1.31456717425954	0.965821226431447	0.811663535332197	1.47007533426912	0.710105154086486	0.606775600252193	0.611859533450381	0	0	1.02691424010272	0	0	0.767050105022671	0	0.493275555172099	0.713161164385085	0.603766572862982	0.880321529434116	0	0	0.559434624828292	0	0	0.582188492755332	0.513903771689487	0.61932604422802	0	0.713613067326308	0.635851424463007	0.740919112193684	0.221196276909268	0.236624310433963	0.263560849401687	0.247907673346337	0.282813282282147	0.271020442014555	0.316877634489097	0.314879317641495	0.247184508343233	0.321567399819485	0.356431636583209	0.298217116930579	0.307871770240246	0.279679610367741	0.247315119894919	0.31606193700657	0.343287645341479	0.311939019177264	0.284682689189571	0.348717727978414	0.343024402482623	0.388461643283284	0.41765222186535	0.400103800361844	0	0	0	0	0	0.078404325365182	0	0	0	0.124894595473494	0.207581181882021	0.249912118856916	0	0	0	0	0	0.156530965212716	0	0	0	0	0	0.064461240668061	0	0	0.065454913091683	0.367798333113563	0.352548875814472	0.342871478535972	0	0	0	0	0	0	0.113349600164651	0.077888481290401	0	0.109032677458905	0	0.06842769002714	0	0	0	0.058500050939134	0	0	0	0	0.085352471354257	0.131930365768012	0	0.08606935183481	0	0	0.060436522094475	0	0	0.114371829803477	0	0.096168368764448	0	0	0	0
BT474	0.395667249271464	0.29422009510146	0.308383965257778	0.716479622118098	0.482619779857971	0.289244777646716	0.323460736750266	0.223454530381303	0.291771725154824	0.699687011335123	0.572814865899487	0.411288037386275	0.530251716729139	0.409583207445554	0.296166095137324	0.746313931086459	0.618235778616738	0.456966016167184	0.53726500700497	0.53405719744429	0.617101164627036	0.806639269185756	0.776888918486943	0.638994363948113	0	0	0	0	0	0	0	0	0	0	0	0	0	0	0	0	0	0	0	0	0	0	0	0	0.09951682162028	0	0.096289957149376	0.422107084635157	0.22473502060772	0.175980441758973	0	0	0	0	0	0	0.241985505477863	0.10942117065342	0.222502868606614	0.403366195898246	0.162037495515469	0.178407647772535	0.26516073978306	0.175007174881651	0.300608330386448	0.511804557896929	0.37366972204785	0.290235001960308	0	0	0	0	0	0	0	0	0	0.120412107242827	0	0	0	0.089247508176125	0	0	0	0	0	0	0	0.268650069361913	0.182045520122866	0.267900854004781	0	0	0	0.223907194819555	0.157091214541691	0.167179988011394	0.063909215387889	0.06715030258942	0	0.541339543808666	0.585055282211472	0.640799567136044	0.2345628370253	0.383086945047223	0.549550311269581	0.617890985785308	0.705039945055552	0.687650615926605	0	0	0	0	0	0	0	0	0	0	0	0	0	0	0	0	0	0	0	0	0	0	0	0	0	0	0	0.089746440492982	0	0	0	0	0	0	0	0	0	0	0	0	0	0	0	0	0	0	0	0	0	0	0	0	0	0	0	0	0.06648290864173	0	0	0	0	0	0	0	0	0
BT483	1.24348771161656	0.893900436620128	0.921246839320507	1.96592631684796	1.2749269827599	0.45574690483847	0.645444107336095	0	0	1.72145038573805	1.15915727683852	1.0325050316268	1.7821720745639	1.40213951234906	0.858243308479403	1.95943115697082	1.22962415412427	0.714465583519931	1.81627006080578	1.82763856738692	1.90839700051344	2.16300812180401	2.117657578263	2.02376060899572	0	0	0	0	0	0	0	0	0	0	0	0	0	0	0	0	0	0	0	0	0	0	0	0	0.706854709536238	0	0	0	0	0	0	0	0	0	0	0	1.23026866118272	0.884695335916224	1.0765371889835	1.77449502868983	1.32934925548163	1.29987082153387	1.62847931507983	1.16516663999751	1.31070268365277	1.8165088926853	1.51542172607933	1.4359165731309	0.645177926267295	0	0	0	0	0	0	0	0	0	0	0	0.657953980924857	1.05694441698166	0	0.924191852295106	0.801828824792843	0	0	0	0	0.151079430949287	0	0	0	0	0	0	0	0	0	0	0	0.189966271086119	0.240869924686469	0.254663533083468	0.229005312309555	0.254390626290148	0.484699711218303	0.623085169118398	0.775307409763437	0.721659236473169	0	0	0	0	0	0	0	0	0	0	0	0	0	0	0	0	0	0	0	0	0	0	0	0	0	0	0	0	0	0	0	0	0	0	0	0	0	0	0	0	0	0	0	0	0	0	0.131111912326018	0	0.140918569588147	0	0	0	0	0	0	0	0	0	0	0	0	0	0	0	0.134098414375303	0
BT549	0.494776559993495	0.268537133186111	0.364495288979752	0.963068935949269	0.810933541672352	0.428555185936623	0	0	0	0.840624649691561	0.551444534789883	0.552641972331428	0.585002991565898	0.312080687690173	0.42564787841429	0.914088211513016	0.585551981850621	0	0	0	0	0	0	0	0	0	0	0	0	0	0	0	0	0	0	0	0	0	0	0	0	0	0	0	0	0	0	0	0	0	0	1.01897727909119	1.00191946526436	0.791730877340584	0	0	0	0	0	0	0.496244145544075	0.417389640336938	0.4619074424938	0.663682554376591	0	0	0.432096848475196	0.39859322382108	0.48071613568235	0.750018991657572	0.490863418621925	0.321062243793264	0	0	0	0	0	0	0	0	0	0	0	0	0	0	0	0	0	0	0	0	0	0.281988000276254	0.205427291628686	0	0	0	0	0.239499102724498	0	0	0	0	0	0.222552121908373	0.163437075335364	0	0	0	0	0	0	0	0	0	0	0	0	0.232495346412866	0	0	0	0.337164092361137	0.311112074189452	0.361023339821522	0	0	0	0.150911514168692	0.168789174257937	0.294957487294554	0	0	0	0	0	0	0	0	0	0.542866118724085	0.508362123075989	0.47774446619696	0	0	0	0	0	0	0	0	0	0	0	0	0	0	0	0	0	0	0	0	0	0	0	0	0	0	0	0	0	0	0	0	0	0	0	0
CAMA1	0	0	0	2.06860712530977	1.84439404373051	1.82235818013404	0	0	0.889447195534009	1.77243436721679	1.65034840503429	1.58924260575733	2.29254102800634	2.31658245228863	1.9501052529275	2.62601597474033	2.23499709008367	1.98617167717249	2.41222043457284	2.37615968358191	2.65504343615773	2.7989043336873	2.71160639233581	2.76675679137876	0	0	0	0	0	0	0	0	0	0	1.01606089158589	0	0	0	2.91667531342174	0	1.09332783769593	0	0	0	0	0	0	0.489613846663231	0	0	0	0	0	0	0	0	0	0.844049407230161	0	0	1.45539696297753	1.21607570825533	1.94517260837096	2.14705805086743	1.564961718965	1.63838490598922	1.58598339875361	1.51655778794645	2.30795557085866	2.51228884982528	2.46136915309999	2.3529985388226	0	1.84536784263566	0	0	0	1.23529581315172	0	0	0.371084908600834	0	0	0	0	0.332616171463248	0	1.7086244699238	0.931777910333373	0	0	0	0	0	0	0	0	0	0	0	0	0	0	0.164702725660067	0	0.233535975214908	0.358849813324376	0.24304295812724	0.177834527637956	0.335806868507374	0.329193448497454	0.380514348052093	0.465779139100671	0.317032415375676	0	0	0	0	0	0	0	0	0	0	0	0	0	0	0	0	0	0	0	0	0	0	0	0	0	0	0	0	0	0	0	0	0	0	0	0	0	0	0.168283451101459	0	0	0	0	0	0	0	0	0.248638321052162	0	0	0	0	0	0	0	0	0	0	0	0	0	0	0	0	0	0
HCC1187	1.82910671647165	1.75776983879085	1.8525926137483	2.02253799588669	1.98837475814648	1.88584388612942	1.27985182264352	0.832180411628183	1.10683057626247	1.99097435767613	1.91312442094352	1.84694098510884	1.83588192043727	1.76569917950941	1.79657628834877	2.02245209520395	1.96031676028623	1.77434721536037	0.565648746189269	0.336466429996482	0.212812348970103	1.63128157637035	0.987559079672394	0.354336687430811	0	0	0	0	0	0	0	0	0	0	0	0.40632690169002	0	0	0	0	0	0.40418661075444	0	0	0	0	0	0	0	0	0	1.2027549590387	0.979961302315697	0.781797411157913	0	0	0	1.76810513640296	0	0	1.58011067309624	1.53375724961765	1.78810356543016	2.01538655053013	1.84051816146615	1.60877630823618	1.58838794029915	1.50845196287387	1.79626867585871	2.02734770467159	1.95988353281397	1.87997870805054	0	0	0	0	0	0.41993572881664	0.428793894111958	0	0	0	0	0.239165471343452	0	0	0	0	0	0	0.233688894511436	0.26526804943571	0.403363508365013	0.678175891259444	0.606295948449783	0.48983618072615	0	0	0	0.48533766269629	0.417676346543155	0.385521717416285	0.238763831774417	0.240871502386899	0.332874368141494	0.63051827193662	0.52690213444771	0.383528335358802	0	0	0	0.401807036423174	0.227113850361916	0	0.232240062189676	0.408534077297033	0.549064926138509	0.64383385033353	0.678850601229887	0.674883867408536	0	0	0	0.311950057678071	0.411699230345641	0.547696791520661	0	0	0	0.375744535255474	0.486416242465324	0.624695347722746	0	0	0	0	0	0	0	0	0	0	0	0	0	0	0	0.503350521563068	0.314807540008529	0.215201496740772	0.299330252796725	0.388872775397138	0.555613627454139	0.648623234808128	0.599971464449553	0.490783291982061	0.23043573969887	0.367782959218939	0.589968368314634	0.667126985318436	0.671585379242582	0.624235206301081	0	0	0	0	0	0	0	0	0	0	0	0	0	0	0	0	0	0
HCC1395	0.748403743465647	0.7110793839748	0.592128289672744	0.880804204137755	0.792022488880326	0	0	0	0	1.0265402860982	0.756702535546157	0.560880118800758	0.875285033800854	0.823028512629024	0.64849091847396	0.922431911773507	0.690020871646963	0	0	0	0	0	0	0	0	0	0	0	0	0	0	0	0	0	0	0	0	0	0	0	0	0	0	0	0	0	0	0	0	0	0	0.651935641677862	0	0	0	0	0	0	0	0	0.240888465995903	0.350006853784422	0.358186555493507	0.545963683361064	0	0	0.485381485355822	0.46003336654745	0.378084177768977	0.675939020567454	0.414752942606345	0.177161585406785	0	0	0	0	0	0	0	0	0	0	0	0	0	0	0	0	0	0	0.201038197897911	0.296853919811205	0.310256911431211	0.334471457904517	0.413638758247327	0.271907773567716	0.097159505095632	0	0.083837243823464	0.30661239976275	0.332096208861929	0.279085535734726	0.244325161234558	0.314166310826573	0.322339030678539	0.333368658407768	0.364914828454078	0.224850225423972	0.112716199343921	0	0	0.104390751735084	0.083241231838836	0	0	0	0	0	0.110245393798563	0.170169762283714	0	0	0	0.232883219383972	0.309549094072173	0.348566002680139	0	0	0	0	0.131282304074816	0.307878762227499	0	0	0	0	0	0	0	0	0	0.24845544094272	0.312278206163324	0.21923412735813	0	0	0	0	0	0	0	0.114689446228777	0.158008222189256	0.10009839029369	0.119162800985047	0	0.121694362836411	0.114004842465211	0.17251645926126	0.112833506849617	0.144644528980349	0.210008790559367	0	0	0	0	0	0	0	0	0	0	0	0	0	0	0	0	0	0
HCC1419	0	0	0	0.189080562482129	0	0	0	0	0	0.148261867447995	0	0	0.189218099976325	0	0	0.304683875755273	0.16126286014627	0.227620935347697	0.197030620058738	0.281202907243637	0.359775951647707	0.422594317896889	0.377343856517433	0.369499613067355	0	0	0	0	0	0	0	0	0	0	0	0	0	0	0	0	0	0	0	0	0	0	0	0	0	0	0	0	0	0	0	0	0	0	0	0	0	0	0	0.155390076408533	0	0	0	0	0	0.132636000596088	0	0	0	0	0	0	0	0	0	0	0	0	0	0	0	0	0	0	0	0	0	0	0	0.20160095344722	0	0	0	0	0	0	0	0	0	0	0	0.429042979643572	0.393725036243619	0.298645699185019	0.2770596624743	0.312064398597661	0.300532732265379	0.546475588458579	0.549276206744907	0.389300106902621	0	0	0	0	0	0	0	0	0	0	0	0	0	0	0	0	0	0	0	0	0	0	0	0	0	0	0	0	0	0	0	0	0	0	0	0	0	0	0	0	0	0	0	0	0	0	0	0	0	0	0	0	0	0	0	0	0	0	0	0	0	0	0	0	0	0
HCC1428	2.22112163471686	2.02760915449473	1.94830806745584	2.47448878760316	2.21375554548169	1.64777059514557	0	0	0	2.29625813048577	1.88848707732573	1.82861001398461	2.40779663487686	2.30080361415508	1.93082514841231	2.5075868169322	2.16541737887813	1.52843256094546	1.9989813812097	2.0317732410581	1.99562987577558	2.54519349464656	2.42317388715659	2.35653763580857	0	0	0	0	0	0	0	0	0	0.828868739272651	0	0	0	0	0	0	0	0.394502973573434	0	0	0	0	0	0	0	0	0	0	0	0.463881043390247	0	0	0	0	0	0	2.1032979766415	1.74435094644455	1.85273571770513	2.36312542810946	1.40242249591991	1.4163233989925	2.0204563918767	1.70779801080022	1.90052333235155	2.43432267401906	1.93414905897011	1.9297310333007	0	0.745700705387622	0.715838009648686	0.657924464701075	0.598874122388348	1.2165219382783	0	0	0	0	0	0.889851392130756	0.649603992013885	0	0	0.74391535463123	0	0	0	0	0	0	0	0	0	0	0	0	0	0	0	0	0	0	0	0	0	0	0	1.07960657229329	1.02184177616345	0.999853067370276	0	0	0	0	0	0.466467492539131	0	0	0	0	0	0.355884877182338	0	0	0	0	0	0.263964076901444	0	0	0	0	0	0	0	0	0.208039202610653	0	0	0.214135715907775	0	0	0.199590205256245	0	0	0.310892158636797	0	0	0	0	0	0	0	0	0	0	0	0	0.506732883937358	0.504133662024062	0.468107456530244	0.52506662479328	0.35743129809559	0.521229586682987	0	0	0	0	0	0.206560096945371	0	0.210647766277828	0.275249270898934	0	0.283927392734001	0.291752405520576
HCC1500	0	0	0	0	0	0	0	0	0	0	0	0	0	0	0	0.382601992155542	0	0	0	0	0	0.997940144079458	0.502605477562685	0	0	0	0	0	0	0	0	0	0	0	0	0	0	0	0	0	0	0	0	0	0	0	0	0	0	0	0	0	0	0	0	0	0	0	0	0	0.362563321368439	0	0.502044839584234	0.724071625335322	0.42236876518961	0	0.386623290076112	0	0.522093346970642	0.787121812829674	0.590357047084701	0.527360540301674	0	0	0	0	0	0	0	0	0	0	0	0	0	0	0	0	0	0	0	0	0	0	0	0	0	0	0	0	0	0	0	0	0	0	0	0	0	0	0	0.451907316701794	0.252704637478372	0	0	0	0	0	0	0	0	0	0	0	0	0	0	0	0	0	0	0	0	0	0	0	0	0	0	0	0	0	0	0	0	0	0	0	0	0	0	0	0	0	0	0	0	0	0	0	0	0	0	0.257028259987754	0	0	0	0	0	0	0	0	0	0	0	0.286673938159948	0	0	0.267325161465933	0.296238781342905
HCC1569	0.855269863199235	0.761116969876211	0.620226118189828	0.954027154751585	0.824872997539766	0.616188667818936	0.482943326920257	0.344508704432037	0.411376369907773	0.816525697895621	0.84863376198701	0.711966421967698	0.910912385485036	0.813385545902321	0.579087542926755	0.945608855520964	0.838836775790538	0.638597879753575	0.743899886007856	0.794010648751264	0.723307860220437	0.979785136841702	0.932715414960352	0.781386716953863	0	0	0	0	0	0	0	0	0	0.227072118748582	0	0.202446804291123	0	0	0	0	0	0.203911431801562	0	0	0	0	0	0	0	0	0	0.786854079569682	0.653106474842616	0.55825448759072	0	0	0	0	0	0	0.38473712457242	0.437908894093638	0.520307140105378	0.721421216611864	0.405045874689688	0.277775798515824	0.451641581220727	0.37879783639706	0.441552893948268	0.7031663997865	0.520492802069338	0.461118318214564	0	0	0	0	0	0.247968454952692	0	0	0	0.162142771014206	0	0	0	0.268844200375087	0	0.483781976886575	0.406520458204982	0.323478866664239	0.175294268880161	0.183784266628482	0	0.406942547533474	0.422382013431223	0.36450507968042	0	0	0	0.291305843317032	0.378795559931967	0.252895811632909	0	0.211388678523978	0	0.582453232756864	0.599808189686207	0.508260248269799	0.435149275505871	0.45126432945791	0.392323310584941	0.629301748401866	0.614753714288117	0.561317336900286	0	0	0	0	0	0	0	0	0	0.212313611597469	0.188999411626508	0.398427725887391	0	0	0	0	0	0.323192563863838	0	0	0	0	0	0	0	0	0	0.184880871441338	0	0.382691374569119	0	0	0	0	0	0	0	0	0	0	0	0	0	0	0	0	0	0	0	0	0	0	0	0	0	0	0	0	0	0	0	0	0	0	0	0
HCC1806	0.841600063184627	0.88886079719685	0.829589758798583	1.00386243831776	0.963616008640952	0.831907678494722	0.812264628100765	0.809204606196888	0.656392302136635	0.986851982506695	0.974882150537888	0.876401634379997	0.863955812842293	0.842872348989832	0.827032743697681	0.997607534240636	0.833716625458901	0.712216798983364	0.268329511035196	0.37239140118705	0.375921035225275	0.726000191510063	0.765827484785707	0.524594334124642	0	0	0	0.238824028772585	0.270825646491448	0	0	0	0	0.409764924794669	0.50046075620219	0.295426928404977	0	0	0	0	0	0.279673367550144	0	0	0	0	0	0	0	0	0	0.92446651052621	0.935372432100617	0.846150789865308	0	0	0	0	0	0	0.504991517582197	0.528662717361832	0.421217606670709	0.800410212031288	0.695061219337564	0.562847991691778	0	0.359648868477676	0.475060392920196	0.709544492760634	0.661112493649635	0.554896900035499	0	0	0	0	0	0	0	0	0	0	0	0	0	0	0	0	0	0	0.189062364942079	0.424051585724629	0.517301241838486	0.530725156506233	0.459048735471878	0.350491467971969	0.177752387693488	0.346347263149992	0.422624971518323	0.326836983349788	0.596282948146959	0.568888016221484	0.267264574479152	0.385725393652565	0.471653977135101	0.383838727222577	0.324897308806855	0.277685894811323	0.284345951413621	0.330133586553059	0.430307321568662	0.836308558013883	0.808514207473405	0.798275122686794	0	0.134867920043236	0	0.632067898614491	0.540372282746292	0.726531198331214	0	0	0	0.789447452218209	0.833728827960871	0.850515359973836	0	0	0	0.662800414111812	0.716554013966465	0.826701785663096	0	0	0	0	0	0	0	0	0	0.462933869214665	0.560676643958679	0.594162287276882	0	0	0	0	0	0	0	0.13433713897457	0.186636433851151	0.15607970004621	0.227856516081628	0.177903131690234	0	0	0.184424282290697	0.115659725269507	0.189250532701565	0.195821720378508	0	0	0	0	0	0	0	0	0	0	0	0	0	0	0	0	0	0
HCC1937	1.87272545480896	1.71678551546964	1.71207514638223	1.99024437920714	1.89758205244491	1.71833816880138	1.48213301010967	0.900006884364045	1.10560052102997	1.90555221053832	1.79352799270527	1.75890131818768	1.92581273487072	1.77543101988959	1.76907089615459	1.97195140400064	1.85174627920554	1.51536921507702	0.901567153358358	0.861276253395395	0.784263011348337	1.73360027293252	1.28404425973214	1.14188105585942	0	0	0	1.02202547164271	0.762878376420333	0.377630680252251	0	0	0	1.02088679352856	0.811584796649281	0.503354958464173	0	0	0.453000636025999	0.594266038931332	0.662338919044692	0.509320311680135	0	0	0	0	0	0.289640757868189	0.561614501233755	0.563058299481445	0.434544123820096	2.00131195423329	1.84444887500233	1.67419804539721	0	0	0	0	0	0	1.4399120144775	1.01611820946527	1.31375782041575	1.74830840383343	1.08864901241807	1.14919370707902	0.614155852970082	0.415317650135738	0.470737632774208	1.52768163355476	0.863553225105262	0.797971427459428	0.525227886633627	0	0.505035959048905	0	0	0.866900330820969	0	0	0	0	0	0.508889766328132	0.583526113122005	0	0	0	0	0.486440897629191	0.628669387538907	0.443416419803023	0.541188197553821	0.894745145920909	0.83141425045832	0.673826584985309	0.332047374091821	0	0.221023681831561	0.720271404011755	0.589801888326126	0.581954249223473	0.751866325655015	0.466698133292137	0.532602902020491	0.894400191482424	0.759369619807935	0.442708766306815	0.562514053191048	0.522043881742913	0.65593182272387	1.00625656078449	0.950785006472346	0.914067857294869	0	0	0.313774408105658	0.740350447903226	0.706782308009434	0.687884770274751	0	0	0	0.699275973633561	0.635043677754052	0.737206792492027	0	0	0	0.32943127963858	0.307427114933827	0.636357575431442	0	0	0	0	0	0	0	0	0	0.82460424505263	0.74216574187491	0.824290200310918	0	0	0	0	0	0	0.231280486700249	0	0	0.316706865636268	0	0	0	0	0	0	0	0	0	0	0.213990505167847	0.243710163652098	0.272279662341487	0.246452272277639	0	0	0	0	0	0	0	0	0	0	0.260285894961976	0
HCC1954	0.761015283489172	0.736946994400023	0.72130349563689	0.783744012023841	0.771041450936663	0.733002222397507	0.627317799811187	0.420142274395986	0.468797900459432	0.815085161101334	0.748735567037341	0.716675751625334	0.767229081623509	0.720181937245716	0.692139740642827	0.824429547897048	0.737449061350333	0.673941163321711	0.623266928577629	0.582260662571717	0.565729969186131	0.804517109608868	0.704129457383101	0.632689445197892	0	0	0	0	0	0	0	0	0	0	0	0	0	0	0	0	0	0	0	0	0	0	0	0	0.308594830717693	0	0.235549118402037	0.539592511407314	0.382511293486231	0.270041658816051	0	0	0	0	0	0	0.402681440673787	0.23513703598256	0	0.296507346416505	0	0	0.528671514764708	0.284264070393613	0.330009890789406	0.635422104455258	0.361384791478428	0.31064907346006	0	0	0	0	0	0.176378445841072	0.179640090415129	0	0	0.284012200847981	0	0.255081615718797	0	0	0	0	0	0	0.227965157054502	0.223127204500778	0.37899019928195	0.466982429119058	0.50022917512376	0.444343770590026	0	0	0	0.431317426994085	0.370263902580783	0.389382671573936	0.294927062709609	0.31372471844039	0.349987637900108	0.584753107617342	0.51409091057397	0.63202879514223	0.291879032907683	0.421331422551718	0.525086585073441	0.730659709921668	0.667902954218601	0.655806398649928	0	0	0	0	0	0	0	0	0	0	0.274867373389237	0.295655417697575	0	0	0	0	0.170484286789559	0	0	0	0	0	0.208333672253403	0.19205943668275	0	0	0.25397746976379	0.149392684537089	0	0.209091971446183	0	0	0.266402697551957	0	0	0.188804938443093	0	0	0	0	0	0	0	0	0.179060511557932	0	0	0.270270053889661	0.302036715833982	0	0	0.214870618661968	0	0	0	0	0.168107791355379	0.300346065498995	0.258018806661433	0.266723118271031	0	0.244521899700651	0	0	0.275682426205686	0.278727177577162
HCC202	0.807916844815293	0.847797219510038	0.809669681412991	1.18585818090915	1.03597742215774	0.810395201280529	0.648829030324452	0.608095291778389	0.636866473768522	1.0362449709053	1.04259973752765	0.891862931270368	0.883708535971978	0.932425696181995	0.829743943317478	1.16031886834709	1.02044456271907	0.70635331027866	0.55653126062187	0.596995149046375	0.527618554796991	0.818678823896025	0.666916376725704	0.488180182398152	0	0	0	0	0	0	0	0	0	0	0	0	0	0	0.160667153014587	0	0	0	0	0	0	0.186988959721094	0	0	0.155814359773861	0.205024762730431	0.212125426409448	1.06218009108424	1.05180842835558	0.779514586205879	0	0	0	0	0	0	0.275047085616203	0.223263137159193	0.172151285445376	0.363520295391464	0	0	0.232120914651042	0.156317515573359	0	0.419031269435835	0.22172487951315	0.152431554395056	0	0	0.184837778461844	0.147357009805112	0.192567890150426	0.259765106419941	0	0	0	0	0	0	0.329876740979155	0.175414560543856	0	0.254165464856553	0.165373988529052	0.174664723928598	0	0	0	0	0	0	0	0	0	0	0	0	0	0	0	0.119985957106233	0	0	0.122834805894684	0.122748916123742	0.149418034213622	0.138758152509198	0.151726127268907	0	0	0	0	0	0	0	0	0	0	0	0	0	0	0	0	0	0	0	0	0	0	0	0	0	0	0	0	0	0	0	0	0	0	0	0	0	0.113514766297721	0.11235834100626	0	0.116562735109517	0	0	0.112471706537262	0	0	0	0	0	0	0	0	0	0	0	0	0	0	0	0	0.114014373728962	0.152674625348103	0	0	0	0	0
HCC38	1.67775572613746	1.6000325575408	1.48882992705699	1.89682453101868	1.78186324683972	1.31387496349086	0.741774803324138	0.797989305023326	0.609428541761427	1.81762663449103	1.62648130280273	1.44693433313492	1.72368020314957	1.6393928646438	1.51467457980844	1.86204676442278	1.61673053018691	1.03215601326607	1.07889857551689	1.06279979982736	0.936077597575172	1.72474133381791	1.4354585144728	1.17622921932368	0	0	0	0	0	0	0	0	0	0.486193515908128	0	0	0	0	0	0	0	0	0	0	0	0	0	0	0	0.534996490478084	0.414017865894852	1.6902559665725	1.23081053569816	0.656072398312107	0	0	0	1.0170655667707	0	0	1.48992162916102	1.40417725003893	1.55134766257625	1.73485537318002	1.16168084231635	0.879442696232977	1.56703889378717	1.3771418706306	1.51069462195287	1.73762304125364	1.46565019086897	1.37950445412973	0	0	0	0	0	0.45290146074148	0	0	0	0.422759506250243	0	0	0	0.626126511378057	0	0.575983070368837	0.520624757317445	0	0.292480180531561	0.247894809927714	0.20718068127673	0.635143397781863	0.573061852312184	0.209108033446864	0	0	0	0.442690502525604	0.314616564649516	0.198011396639046	0.410033467692277	0.38934539172292	0.329834924708987	0.640210481026355	0.445084102064205	0.188840119979716	0.528814743617655	0.63467343425279	0.787469539488896	1.09849521637674	1.10219088500567	1.04711043619682	0	0	0	0	0	0.123065598374707	0	0	0	0.419261350188765	0.282925328902676	0.32501474576427	0	0	0	0.25263264786801	0.17059228647968	0.316525754896876	0	0	0	0	0	0	0	0	0	0.633880765367999	0.418142299544912	0.310294302918251	0	0	0	0.339179254059216	0.131398355951741	0	0	0.171036360252194	0.227609434394267	0.187028643505964	0.137064958256857	0	0	0.192097857392164	0.175297905295944	0.145810162490748	0.16177343905694	0	0	0	0	0	0	0	0	0	0	0	0	0	0	0	0	0	0	0
HCC70	1.65535742373711	1.45027110861274	1.49127574596711	1.95160269572691	1.6529921452047	1.38866535767703	1.60595356767348	1.16840428566319	1.22866705491209	1.8967797483241	1.68722029338494	1.62152214235736	1.70198630765214	1.4448103939638	1.45266704030497	1.90167834681222	1.5083206203735	1.1383778208829	0	0.65835863535157	0.56981727443607	1.5627036515845	0.738116772657513	0.639248500143072	0	0	0	0	0	0	0	0	0	0	0	0	0	0	0	0	0	0	0	0	0.419721851494044	0	0	0	0	0	0	1.62469101320595	1.27480384108505	1.13345733248794	0	0	0	0.55079962309124	0	0	0.416409157032584	0	0	0	0	0	0	0	0	0	0	0	0	0	0	0	0	0.434916524221912	0	0	0	0	0	0	0	0	0	0	0	0	0.416375168343189	0.454753411701429	0.496965822971543	0.57975799820376	0.67439837162257	0.607881844618923	0.41603140547336	0.399098463988413	0.456197464393011	0.562006971159636	0.649734511820888	0.643203957272435	0.475220928772253	0.471506632358295	0.495242522280181	0.581353853172344	0.645162876521478	0.532305902335977	0.561918752017382	0.700061183788636	0.751158679240766	0.784941428877573	0.816849392469102	0.771772809078132	0	0	0	0	0	0	0	0	0	0	0	0	0	0	0	0	0	0.099953157575095	0	0	0	0.171933228740749	0.097438509706315	0	0.076149736421367	0.201949035960743	0.234270145184619	0.646421854970076	0.760867184832878	0.784308697624932	0.074475036131778	0.15391432457382	0.133355038150564	0.604348878109662	0.545185874412594	0.307865481092264	0	0	0	0	0	0	0	0	0	0	0	0	0	0	0	0	0	0	0	0	0	0	0	0	0	0	0	0	0	0
HS578T	0.934825865279798	0.759429280060415	0.642511142391022	1.1944178708823	1.09811897429552	0.537614021105666	0	0	0	1.03580962189464	0.79295616614706	0.750698834313325	1.00726974850978	0.825116390309244	0.641723540332793	1.18478405059274	1.01790589057017	0.480322392925535	0	0	0	0	0	0	0	0	0	0	0	0.154131588990136	0	0	0	0	0	0	0	0	0	0	0	0	0	0.186979714861881	0.16179557801111	1.09354546264275	0.847370325014582	0.532515746004631	0	0	0	0.97406374045744	0.954949461146972	0.562843917019317	0	0	0	0	0	0	0.333613761943175	0.407073459720401	0.666368660595861	1.15372027259888	0.846240941669697	0.706564827772322	0.720210644453423	0.774252774590163	0.84609675178107	1.1353833392559	0.894855910405552	0.73622355889055	0	0	0.147035260191234	0	0	0.252036211777967	0	0	0	0	0	0.195451047716739	0.235367971482112	0.145793974994859	0	0.206994603842001	0.148579161626692	0	0.804476118487483	0.714314329116263	0.764639564074646	1.37128059008258	1.3209334944457	0.931769373825944	0	0	0	0.946346223588924	0.840699655501443	0.847367801790272	0.949893462842698	0.843211651187774	0.743082823497395	1.34036627252351	1.24539167265096	0.809108794066611	0	0	0	0	0	0	0	0	0	0	0	0	0	0	0	0.134179483414828	0.411860529837546	0.444567130710349	0	0	0	0	0	0.289557930372546	0.425347246791396	0.616215030022216	0.547748865860082	1.30403747533561	1.32988694897276	1.28216340751196	0.110595045789666	0.126838260069742	0.085288952475967	1.07559149974152	1.14152091079072	0.926658168948382	0	0	0	0	0	0	0	0.180764993551327	0.296541302562371	0.779511932104556	0.482916578196066	0.221181412674005	0.285497528912221	0.356461125674664	0.480333612455538	0.778565299088531	0.531280416233312	0.319989904369899	0	0	0	0	0	0	0	0	0	0	0	0	0	0.12694945903395	0	0.14159067695687	0.110000889003016	0
MCF10A	0.987449175837674	0.803956076698411	0.63802879722972	1.0659138416535	0.840467289007872	0.737715195985212	0.758819289023462	0.464055672981578	0	1.10023027893972	0.952447105792346	0.765312822755955	1.02087710902558	0.849253520142759	0.588343093275197	1.06100419847031	0.739871123092518	0.673007523900305	0	0	0	0.667473417009162	0	0	0	0.496308761445515	0	0	0.447253252980882	0	0	0	0	0.598327870177054	0.67801183485069	0	0.670278239438813	0	0.748623624110437	0.550740998523156	0.746357446018536	0	0	0	0	0	0	0	0	0	0	1.00732664137124	0.904706781111967	0.61381779488631	0	0	0.762361536478729	0	0	0	0.694801652112741	0.395793221036641	0	0.842475510059654	0	0	0.384137620313514	0	0	0.49627904805223	0	0	0	0	0	0	0	0	0	0	0	0	0	0	0	0	0	0	0.694827304645541	0	0.36599667396065	0.169963447122096	0.214500329674378	0.869166734008401	0.632492377336927	0.458991850970734	0.209852355523265	0	0	0.685002436877311	0.432682744241776	0.37699455042855	0.489114474889325	0.322175768589287	0.2069628015686	0.868857231183148	0.51384599969743	0.420767542442848	0.290068453169719	0	0	0.878381968872944	0.557302283166852	0.446208846566846	0	0.204473888052687	0	0	0.341410099021203	0.2444116228913	0.244256361551697	0	0	0.958627954917604	0.925687419449102	0.731330564624138	0.354198961025992	0	0.569441726845428	0.823618252846332	0.863658650322414	0.722888155528629	0	0	0	0	0	0	0	0	0	0.976630712844802	0.736140260143439	0.446520866569281	0	0	0.5047756989065	0	0	0	0.198936054612838	0	0	0.187750065628794	0	0	0	0	0	0	0	0	0	0	0	0	0	0	0	0	0	0	0	0	0	0	0	0	0.308481882809267	0
MCF10F	1.61378321013202	1.4665899327062	1.41341420382004	1.90239226251445	1.68882767487571	1.26794795722383	0.829188529627565	0.404070545038588	0.368807808318407	1.70214035740143	1.53649842064709	1.41694759977807	1.77184192341642	1.49774794147824	1.45613481920181	1.86944134065236	1.51729994899816	1.23098121400957	1.12068052126602	1.07972008398016	0.943404789539469	1.69449989912897	1.44995223432058	1.27804293570678	0	0	0	0	0	0	0	0	0	1.02991607539199	0	0	0	0	0	0.590432029308085	0	0	0	0	0	0	0	0	0	0	0	1.84875367686187	1.70520875125592	1.63600213342132	0	0	0	0	0	0	0	0.258737049133517	0	1.11738032638748	0	0	0.944617727710697	0	0	1.00047614096019	0	0	0	0	0	0	0	0.243760835545118	0	0	0	0	0	0	0.624272773184543	0.709562084077915	0	0.953103337474191	0.72954614898276	0.302744329273486	0.354021334611968	0.099410733257862	0.251781270800156	0.631411545040295	0.27048821712649	0.118156118347976	0.21388282627334	0.127554598797265	0.111851352637434	0	0.16928821984782	0.11337077265992	0.363248671687489	0.246911769969985	0.225079538566943	0.550704080542646	0.246000657623258	0.307823594837506	1.02377858667385	1.10625207260641	1.14736164855509	1.36544770496453	1.38461188242632	1.34726762562917	0	0	0	0	0	0	0	0	0	0.759780171749578	0.538477204613646	0.496774333324326	0.271954890766464	0.088693465438692	0	0.545172625540365	0.415439829491726	0.458827533243065	0	0.203666183282274	0	0	0	0.116341815036666	0.119791125300059	0	0	0.847912973478277	0.668748709786816	0.513751739817245	0	0	0	0	0	0	0	0.1875086357159	0.190467549516897	0.151995859563133	0	0	0.101297008061914	0	0.220335719317851	0.168260036775264	0	0	0.118828076679133	0	0	0.321521115347924	0	0	0	0	0	0.086009445534032	0	0	0	0.101637460330384	0	0.103210820569724	0.175588041854959	0.30523102833682
MCF12A	0	0.161658382560058	0.280161354928695	0.506911701119905	0.453271395702207	0.462955398195775	0	0	0	0.194160706060085	0.235686476223192	0.314619419792888	0	0.240986457737161	0.279153758621025	0.5422513032289	0.465913878438988	0.458831202091101	0	0	0	0	0	0	0	0	0	0	0	0.229864418729251	0	0	0	0	0	0.256119902888152	0	0	0	0	0	0.229510512200692	0	0	0	0.194599820879184	0	0	0	0	0.189936130545575	0.573669488132383	0.56463097541865	0.529210007881718	0	0	0	0	0	0	0.31780187167521	0.355266993226536	0.404597375640949	0.478650323639199	0.281642401835624	0.235914931889762	0	0.186580619954061	0.23505068701468	0.440858514950725	0.34663669783285	0.368374414648654	0	0	0	0	0	0.198824596668411	0	0	0	0	0	0.15994871352916	0.303894329897952	0	0	0	0	0	0	0	0	0.355471009329523	0.116628959298355	0	0.157826052155049	0	0	0	0	0	0.140735523118952	0.114724047711901	0	0.22772238364888	0	0	0.105475224991127	0.110761614309424	0	0	0.116786016846841	0	0	0	0	0.270301081446598	0.179954599118018	0.166804822388994	0	0	0	0.425142608046238	0.329956416220654	0.285981937441693	0	0	0	0.158211629238444	0	0.277811451970586	0	0	0	0	0	0	0	0	0	0.372393852982122	0.218366210162213	0	0	0	0	0	0	0	0	0.146067268280926	0	0	0	0	0.124289624546593	0	0	0.20312621403245	0	0	0.184788254267849	0	0	0	0	0	0	0	0	0.209261153014131	0	0	0	0.23595131918758	0	0.128941108114275	0.247562420521607	0
MCF7	0.927933128214456	0.965185540310444	0.952387524847929	1.7354282375048	1.29274497466627	0.61468786768868	0	0	0	0.988487676210767	0.838955746370958	0.878773643830492	1.33771393616428	1.26300320252371	1.04410787317298	1.74058060163033	1.36688571553915	0.796395985591213	1.34473578402655	1.35520038568236	1.42746064718553	2.02666890020851	1.95409378114156	1.58970167560182	0	0	0	0	0	0.29074918728082	0	0	0	1.19937227627203	1.01096642434649	1.02414504478275	0	0	0	0.35330595721953	0.397047760320516	0.694665314630665	0	0	0	0	0	0.310869898143264	0	0	0	0.854550619543346	0.816953476668552	0.766117580392301	0	0	0	0	0	0	1.06719649187934	1.1175123154347	1.32686575453168	1.48178959777273	1.42676725231666	1.34748751736353	1.11587576403601	1.08808824990035	1.23588921819829	1.39692685350852	1.35101617177902	1.31034893223936	0	0	0	0	0	0.285747896488251	0	0	0	0	0	0.359876772828555	0	0	0	0	0	0	0	0.181023078483893	0.103077852098201	0.34337445570383	0.197005761046592	0	0	0	0	0	0.113049305211151	0	0	0.127631108476417	0	0.241537975276978	0.20303805855393	0.169013361818089	0.248521268416519	0.455826059752632	0.554957586309402	0.982894131466156	0.972793654694878	0.802102085625778	0	0	0	0.151026303718157	0	0.275592666096125	0	0	0	0.549383097147289	0.588405291976987	0.564251461366132	0	0	0	0.300909385939801	0.370312677021123	0.465323286562585	0	0	0	0	0	0.10649999476357	0	0	0	0	0.090512936865576	0.093566524664031	0	0	0	0	0	0.083904547036415	0	0.132347741666361	0.139458804055059	0.082247445287758	0.182794322229815	0.131523657055067	0	0.089908145289195	0	0	0.119474813863286	0.08804121738816	0	0	0	0	0	0.106167645003346	0	0	0.089543919225473	0.143556567285146	0	0.17423892862841	0	0	0	0	0	0
MCF7	1.70658255021738	1.13140922043562	1.00323443569729	1.99902380274677	1.42659436292564	0.600460182877308	0.87110668094982	0	0.533108171390259	1.45729609389785	1.19857734717596	1.17433963306742	2.10616879619909	1.97356481275084	1.48130869165303	2.37486396934057	2.14656298775718	1.43549490692286	2.23169220139359	2.22144074935534	1.90903338369252	2.53178184082425	2.52989665467111	1.8566050784488	0	0	0	0	0	0	0	0	0	1.8938670659329	1.6058184600758	1.55150188674876	0	0	0	1.52775630141426	1.1003765226668	1.29729242708759	0	0	0	0	0	0	0	0	0	1.23541557379802	0.752794560597153	0	0	0	0	0	0	0	1.83979772844428	1.61973732054033	1.82643224326675	2.09280761393144	2.01440834469339	2.0844115112074	2.01483498504658	1.75701364324018	1.85532547308632	2.04959269891797	1.8720448262368	1.84463904602309	0.525746805456223	0	0	0	0	0.317509484284213	0	0	0	0	0	0.614080512222376	0.49480220226821	0.994724902455312	0	1.16839199682224	0.628824433230845	0.843150957562521	0	0	0	0	0	0	0	0	0	0	0	0	0	0	0	0.573525207228991	0.415870062644899	0	0.68133977486083	0.791349921394525	1.00181687621689	1.54958923596138	1.56167964849818	1.13823847462421	0	0	0	0	0.350295485410524	0.550142591168628	0	0	0	1.06115370861571	1.04496993844104	1.11629548698813	0	0	0	0.880622655259394	0.861515254875506	1.05441921717237	0	0	0	0	0	0	0	0	0	0	0	0	0	0	0	0	0	0	0	0	0	0	0	0	0	0	0	0	0	0	0.350970141484987	0	0.371799622763463	0	0.356562205207116	0.37551947738806	0	0	0	0	0	0	0	0	0	0	0	0
MDAMB134VI	0	0	0	0	0	0	0	0	0	0	0	0	0	0	0	0	0	0	0	0.284034471171834	0.272366561662452	0.689072877598614	0.452550388618612	0.457772014416301	0	0	0	0	0	0	0	0	0	0	0	0	0	0	0	0	0	0	0	0	0	0	0	0	0	0	0	0	0	0	0	0	0	0	0	0	0.407403448873128	0.514688744679455	0.606422999568082	0.925836984537514	0.819536655206916	0.696808730183953	0.460924786909983	0.422163731687297	0.564690373474028	0.929817957782361	0.817916032796721	0.713492264746008	0.300034665081174	0	0	0	0	0.356397334964715	0	0	0	0	0	0	0.26008084888533	0.439423666924421	0	0.330812509003498	0.362950029844393	0.267596621899211	0	0	0	0	0	0	0	0	0	0	0	0	0	0	0	0	0	0	0.198416098105904	0	0.195165322970887	0.545907769697203	0.431587955190486	0.408119396857943	0	0	0	0	0	0.360818934344196	0	0	0	0	0.178802694777771	0.388038531286682	0	0	0	0	0	0.178840763378834	0	0	0	0	0	0	0	0	0	0	0	0	0	0	0	0	0	0.188291973746852	0	0	0	0	0	0	0	0	0	0	0	0	0	0	0.206920143908064	0.187919339318969	0.183460273382069	0	0	0	0	0	0	0.183799118669021	0	0.359263904655697	0.349609475252239	0	0.32082754308097	0.349660853995577
MDAMB157	1.58303425581789	1.7336601035941	1.66960947064781	1.98360345104311	1.84063513879641	1.41665886693173	0	0	0	1.31737829687315	1.36272247374287	1.28175030696396	1.75448713774814	1.85550901745315	1.74231050694717	1.98260967888837	1.78663593616676	1.11784703217723	0	0	0	0	0	0	0	0	0	0.661432550752004	0.828531039193097	0.387551437890735	0	0	0	0.483657301444819	0	0.92637230056656	0	0	0	0.487453023614354	0	0	0.941103663267908	0.879488576853096	1.02413295664358	1.83715054982012	1.80625455974414	1.30729363886213	0	0	0	0.95109835821061	0.359469198027266	0	0	0	0	1.7636671999654	1.0028054479742	0.267029373670322	1.56895380298849	1.6734411708281	1.51629146501696	1.75475694342553	1.02028227351299	0	1.62457761061948	1.56872717623221	1.50285659559759	1.8756824555098	1.59927454198151	1.4438080794377	0	0	0	0.773085957539185	0.247031197894648	0.510780346660433	0	0	0	0	0	0	0.77197636106279	0	0	0.241706533738305	0	0	0.189094687209407	0.180324485008243	0	0.80989918731275	0.453708126399255	0.176941211705658	0	0	0	0	0	0	0.44177768134456	0.341136892689626	0	0.660350974090821	0.358537339619639	0	0	0	0	0	0	0	0	0	0	0.66733641339057	0.572969454618104	0.493896505522821	0	0	0	0.565061855423469	0.4756208610388	0.449552478711876	0	0	0	0.432748948148022	0.407455120564383	0.26376008371482	0.556481767118238	0.570772294941258	0.880380453245699	1.3189870866722	1.39274176403391	1.25800512424733	0	0	0	0	0	0	0	0	0	0.981688886332623	0.431547990269491	0.33741865377205	0	0	0	0	0	0	0	0	0	0	0	0	0	0	0.309455582782675	0.356159535073938	0.213681496077895	0.327381243373434	0	0	0	0	0	0.181420944830536	0	0.443605682182104	0.20315163674677	0	0	0.182311373032004
MDAMB175VII	0	0	0	0.197721120665274	0.210311325713134	0	0	0	0	0	0	0	0	0	0	0	0.219291775248644	0.192353600478787	0	0	0	0	0	0	0	0	0	0	0	0	0	0	0	0	0	0	0	0	0	0	0	0	0	0	0	0	0	0	0	0	0	0	0	0	0	0	0	0	0	0	0	0	0	0	0	0	0	0	0	0	0	0	0	0	0	0	0	0	0	0	0	0	0	0	0	0	0	0	0	0	0.046692126970234	0	0	0.079962428747629	0.077395284572958	0	0	0	0	0	0	0	0	0.066549049328128	0	0	0	0	0	0	0	0.10453573269187	0.232203311253299	0.357916696768461	0	0	0.073258479452472	0.090594694622245	0.228033719581433	0.335226062663215	0	0	0	0	0.058083658353094	0.16255651821255	0	0	0	0	0.064013874890534	0.105925438740162	0.053482000802568	0	0	0	0	0.07896522497175	0	0	0.047115548945501	0	0.105154245368084	0.080043916903088	0	0	0.049453209719749	0	0.058695869743679	0.085790841009906	0	0.043092703671287	0	0	0	0	0	0	0	0	0.052961972598448	0.039522835611641	0	0	0.088693724865434	0	0.115625367876551	0.09078021302178	0	0.054497789006037	0.090438562186304	0	0	0.115472418507164	0.042711383457027	0.119329710547509	0.058067786480138	0.041156342613863	0.089019014483068	0
MDAMB231	1.54107968774981	1.57233859423385	1.38114275461403	1.81431356127914	1.56983144335336	1.39362932507229	1.05217368133413	1.11672307372806	0.705183725898262	1.82459459959433	1.62798120864316	1.47599523444694	1.66773584850382	1.57350632106624	1.42849523075544	1.78849784972015	1.50863358351825	1.2662748536944	0.557019984106351	0.584137614049482	0	1.58200157036296	1.09731704232716	0.644515248213895	0	0	0	0.522556786737891	0	0	0	0	0	1.41013625984472	0.93060277243405	0	0.662004731066473	0	0	1.22147011330812	0.909348587274303	0	0	0	0	0	0	0	0.755812982447562	0.754951223900883	0	1.74235952210564	1.68099971410234	1.48406322957716	0.576667985554099	0	0	0.527826851823598	0	0	0	0.800324477276546	1.12826304319373	1.672901678839	1.2108855103535	1.09577127497993	0.714771645029124	0	0	0.974203946798371	0.792724456274535	0	0	0	0	0	0	0	0	0	0	0	0	0	0	0.75833222797634	0	0.870344854220944	0	0	0.580196013605234	0.40925403475155	0.433664759923431	0.873573440894487	0.693281431547964	0	0	0	0	0.734011561042927	0	0	0.573908887292984	0	0	0.731137336924076	0.562537831799853	0	0.393758285651294	0	0	0.975960472640872	0.647466912670153	0	0	0	0	0	0	0	0	0	0	0.821378020174654	0.469729375655081	0	0	0	0	0.652541362896894	0	0	0	0	0	0	0	0	0	0	0	0.793319637010186	0.37376409959073	0.45404343610962	0	0	0	0	0	0	0	0	0	0	0	0	0	0	0	0	0	0	0.406435420118299	0	0	0	0	0	0	0	0	0	0	0.445131722437718	0	0.645887513978981	0.38364706507235	0	0	0.496502617061418
MDAMB231	0.072956438590703	0.059310910839009	0.059784963716829	0.200303200850811	0.180388609358704	0.132221680093091	0	0	0	0.129303279420361	0.120640958223865	0.083341796019361	0.086851025813431	0.091660124668867	0.094162872357971	0.202019297744791	0.179631238616076	0.103844904264896	0	0	0	0	0	0	0	0.032889364906423	0.045557726450051	0	0.042051411537845	0.079873672448172	0	0.040037793486174	0.042856052607121	0	0.045313510674119	0.104410100104373	0	0	0.057868865729542	0	0.067857981520839	0.10142952422668	0	0.039579908377825	0.031111637941962	0.073934023783357	0.073971740479569	0.062927453198038	0	0.071386265390012	0.110241196655697	0.207116258730717	0.253930908617457	0.23035546805262	0	0	0.03543183856164	0	0	0.047048807355608	0.047355066529714	0.060745714931179	0.064156311100764	0.156641120839062	0.069855119132561	0.076957703884308	0.135929008522907	0.102102809242887	0.067936902394873	0.166038536067224	0.100440447990842	0.045240602911544	0	0	0.041257541351117	0	0	0.064786559466057	0	0	0	0	0	0.079542235536686	0.054417728673447	0	0	0.053869438557191	0.044512132662163	0	0	0	0	0.577567202711442	0.189410576380236	0	0	0	0	0	0	0	0.086546306335416	0	0	0.471469555505066	0.080071874687319	0.08113245137309	0	0	0	0	0	0	0	0	0	0	0	0	0	0	0	0.415928492135515	0.343404704034166	0.145158045485503	0	0	0	0.194379457795941	0.123693940525048	0.165548811721447	0	0	0	0.125712932068155	0	0	0.080299359257156	0	0	0.355981305525298	0.316069218223781	0.117527848617858	0	0	0	0	0	0	0	0	0	0	0	0	0.078723480671316	0	0	0.090821918359013	0	0	0	0	0	0	0	0	0	0	0	0.133830381256194	0	0	0	0.078323856332423	0	0	0.095202374030662	0
MDAMB361	0.688082910942869	0	0	1.17044198500933	1.03150080020577	0	0	0	0.74944528782491	0.553961144779325	0.787729246232891	0	1.18601677480275	0.804993469153302	0	1.24397188086149	0.940191081718716	0	1.25736675684409	1.376382841751	1.10821625683737	1.51713048504048	1.37864961073998	1.27269879300306	0	0	0	0	0	0	0	0	0	0	0	0	0	0	0	0	0	0	0	0	0	0	0	0	0	0	0	0	0	0	0	0	0	0	0	0	0.959791759969986	1.01261377652306	1.05184428968502	1.15649723673611	0.65366132596402	0	1.0901689153926	0.758062094531068	1.06259587638954	1.39878788322687	1.14762449954435	1.00723809639061	1.00638102185531	0	0	0	0	0	0	0	0	0.880265634627176	0	0	0	1.01239699646544	0	0.674189637040584	0.864825715590242	0	0.117156176790008	0.118764214079559	0.121926323595227	0.188120150158622	0.230114753021345	0.227566720113565	0.14796456221171	0.109193293718665	0	0.116679933183728	0.222755664525874	0.093686101329182	0.197821306169653	0.179563146535232	0	0.545131342598998	0.644600682898383	0.698186040793969	0.40544394499201	0.616261650419479	0.746348940834154	0.736543548754651	0.758855160147942	0.766737201153061	0	0	0	0	0	0.189718572368078	0	0	0	0.361800941404424	0.344817975710846	0.528342255286108	0.110793877849176	0	0	0.230411052079316	0.22190786325011	0.466812767748428	0	0	0	0	0	0	0	0	0	0	0	0	0	0	0	0	0	0	0	0.094439068176405	0	0	0	0	0	0	0	0.128503446193018	0	0	0	0	0	0	0	0	0	0	0	0.225303454983763	0	0	0	0.133697880465222	0	0.109826788037689	0.152679700327377	0
MDAMB415	1.05928050720278	0	0	0	0	0	0	0	0	0	0	0	1.96130673007101	1.88460124624742	1.62912855220691	2.23620414394382	2.0071273710632	1.83112701674019	1.94983484186917	1.97972077896871	2.13225468646278	2.22543837025328	2.33609102351481	2.35723661193718	0	0	0	0	0	0	0	0	0	0	0	0	0	0	0	0	0	0	0	0	0	0	0	0	0	0	0	1.63633774100784	1.23897358962462	0.763734744682968	0	0	0	1.14320348349766	0	0	1.50322359541121	1.29205571689934	1.69485732980449	2.23581732103385	1.62627771664572	1.16113360406829	1.08811681647927	1.14161286132446	1.54191699352007	2.18947584576545	1.94552768376625	1.89267173539568	0.801901496619916	0	0.828116812766342	0.928994301377326	0.896286549985145	1.05646560093691	0	0	0	0	0	0.779697647173956	1.60280982073835	0	1.09013652778074	0.783634391055387	1.02763853412157	1.10580622052762	0	0	0	0	0	0	0	0	0	0	0	0	0	0.206058627889751	0	0.241219988924407	0.254249078620271	0.271195503755789	0	0.301095706255083	0.346529441404308	0.351310341175466	0.381076190388618	0.426270701875464	0	0	0	0	0	0	0	0	0	0	0	0	0	0	0	0	0	0	0	0	0	0	0	0	0	0	0	0	0	0	0	0	0	0	0	0	0	0	0	0.233739171092151	0	0	0	0	0	0.223770723831651	0.212336846119356	0.207940825063552	0	0	0	0	0	0	0	0	0.21617346413385	0	0.238056194139942	0	0	0	0	0.219552258992159	0	0
MDAMB436	0.88563599322203	0.933780179986612	0.839500553947443	1.05498372715545	1.00345345186987	0.89066831802814	0	0	0	0.735747522689446	0.678342381370854	0.683143857568566	0.855924484607614	0.906610794529022	0.838112971567597	0.947746459769871	0.952020620997098	0.749033135277298	0	0	0	0	0	0	0.403125530188171	0	0	0.258754797799141	0	0.185312173398036	0.246541610921065	0	0	0.503649127502868	0.206717380119221	0.226949557436738	0	0	0	0	0.17924030259399	0.333350099972747	0	0	0	0	0	0	0	0.236355296897407	0.203116747868859	0.839078467272182	0.933421356995836	0.916810086157176	0	0	0	0.242262729041636	0	0.199859159307559	0.659584943779333	0.592341521089713	0.694804980678412	0.75308079942062	0.537659894878347	0.378108742567823	0.72432914954617	0.623146105651205	0.717282091233463	0.872822161034977	0.992633389056527	0.664173345089791	0.848451611307286	0	0	0.446835796868194	0.233054543872992	0	0	0	0	0	0	0	0.542166033734884	0.493870935709993	0	0.625336197010388	0.386400267214942	0.43225249267197	0.389772194189623	0.391165954753568	0.342418487149969	0.609147431642518	0.601991934430862	0.434438268197024	0	0	0	0.257796284594952	0	0	0.3833377147819	0.395481905103029	0.274892231461305	0.452879774449818	0.430217887614984	0.31689899805406	0	0	0	0	0	0	0.351415651389905	0	0	0.255925831305892	0	0	0.29736027942916	0	0	0.479949379870349	0.389758187280576	0.512699004509389	0	0	0	0	0.254659502458625	0.48766091871082	0	0	0	0	0	0	0	0	0	0.281082635560483	0.330242595269427	0.60826753171343	0	0	0	0	0	0	0	0	0	0	0	0	0.205496051786217	0	0	0.27352757233983	0.390644401014405	0.229451396495922	0.820274318696591	0	0	0.249002049086673	0	0	0	0	0	0	0	0	0.359454890623397	0.515189579977297	0	0.471789308413754	0.370810003390923	0.426389736825982
MDAMB453	0.255411672063481	0	0	0.484608765782402	0	0	0	0	0	0.571971152465323	0.472056255884767	0.244788908038397	0.561010222717704	0.412165749346652	0	0.39866452692638	0	0	0.596216700392246	0.5097552712622	0.440691079518372	0.906185232187745	0.716845661409037	0.477871591022968	0	0	0	0	0	0	0	0	0	0	0	0	0	0	0	0	0	0	0	0	0	0	0	0	0	0	0	0	0	0	0	0	0	0	0	0	0	0	0	0.642681410394533	0.470981870358253	0	0	0	0	0.742982056040662	0.735963784118604	0.605879269751512	0	0	0	0	0	0	0	0	0	0	0	0	0	0	0	0	0	0	0	0	0	0	0	0	0	0	0	0.171127656238841	0.145866691895511	0	0.128317270416267	0	0	0.479096998099065	0.424662082789985	0.489255168955145	0.379473420660468	0.439981641109254	0.52056515406253	0.678859614566607	0.612987894321536	0.551120456503992	0	0	0	0	0	0	0	0	0	0	0	0	0	0	0	0	0	0	0	0	0	0	0	0	0	0	0	0	0	0	0	0	0	0	0	0	0	0	0	0.137542133165283	0	0	0	0	0	0	0.212027044589537	0.195375912975714	0	0	0	0	0	0	0	0	0	0	0	0	0	0	0	0	0	0
MDAMB468	0.967804357319089	0.903844686002367	0.861352133937175	1.16957378586376	1.11712323058583	0.995018341363557	1.0772112215282	1.06829521854643	1.01480659952965	1.17546439474307	1.14722045634843	1.04365807223474	0.987417325230224	0.889606723732994	0.845728228208972	1.19605189779679	1.14316916826263	0.921812381673479	0.2909583406034	0.408127174848229	0.344406760597815	0.842434703118855	0.621900134125436	0.52437798840288	0	0	0	0.235670112230697	0	0	0	0	0	0.155252693476216	0	0	0	0	0	0	0.144736229578466	0	0.12639560507448	0	0.138081231854532	0.201101443732823	0	0	0.323212565272984	0.277288193510334	0.14269839005355	1.1402559987556	1.07105611151773	0.765821370470267	0	0	0	0	0	0	0.507704353671702	0.460347151391102	0.47015038264139	0.663003262502752	0.257399418394387	0.299075068870293	0.347658434473759	0.196517862526392	0.161743812265944	0.602802714262243	0.214783862745179	0.19406800846497	0	0	0	0	0	0.384356687651473	0	0	0	0	0	0	0	0	0	0	0	0	0.28539949361291	0.277885882357407	0.313732258423295	0.437166270992726	0.45765463601495	0.434839846957931	0.354579387617837	0.355556667486752	0.373581439843866	0.410002233034233	0.451867220125976	0.372296489261397	0.286902891444852	0.272501740022388	0.209053643553296	0.407326187147937	0.433808605150249	0.402943164184638	0.220966144888548	0.25834541235518	0.368346380242802	0.460870351548762	0.488114557157014	0.505152701992841	0	0.072670080537433	0.168634166088937	0.287955618745151	0.302011062275601	0.326320935952142	0	0	0	0.217409016265871	0.247908569663724	0.297114155871613	0	0	0	0	0.153932578519018	0.306392456874834	0	0	0	0	0	0	0	0	0.104646213035885	0.376801352885702	0.423579342798083	0.477729372849749	0	0	0	0	0	0.077563397584223	0.103228662118647	0.062095641915858	0	0.097456777931224	0	0	0.068629568081921	0	0	0.113603210039571	0	0	0	0	0	0	0	0.089921010584185	0	0	0	0	0	0	0.072280246594308	0.084469623469131	0.118609393811682	0.073413498693736	0	0.055329810967436
SKBR3	1.20076941350007	1.17914043701189	1.03811144743727	1.25816100433916	1.21310347781215	1.09713489122939	1.19151845239629	1.13566592158216	1.00017608251893	1.25874397561308	1.23705021991188	1.09730647707911	1.20623424428687	1.16940027225016	1.06907615143962	1.23473989175727	1.20162190650081	1.10072874342058	1.12012508218916	1.16606195183733	1.00954995099274	1.23139661594861	1.17100549953775	0.988858946779685	0	0	0	0	0	0	0	0	0	0	0	0	0	0	0	0	0	0	0	0	0	0	0	0	0	0	0.29278738440108	0.993774933629269	0.450064497312951	0.30006239300743	0	0	0	0	0	0	0.735287558649952	0.55721079314181	0.471227958452811	0.785390556485751	0	0	0.594641702698218	0.51248608442107	0.459969825200545	0.880550700452782	0.454257709899204	0.470952686135403	0	0	0	0	0	0.421630340055238	0	0	0	0	0	0	0	0	0	0	0	0	0.332339442862089	0.345055651150857	0	0.652177945154126	0.617702214158879	0.537516033418518	0.221203914273134	0.236855599730008	0	0.566693720028291	0.596865513238892	0.354389492201499	0.28498025461128	0.30433835873357	0	0.696728113581589	0.703515259937993	0.690468938915914	0.602607942767254	0.722831731380828	0.744938398557679	0.798735808781049	0.7824467604616	0.770209274263568	0	0	0	0	0	0	0	0	0	0	0	0	0	0	0	0	0	0	0	0	0	0	0	0	0	0	0	0	0	0	0	0	0	0	0	0	0	0	0	0	0	0	0	0	0	0	0	0	0	0	0	0	0	0	0	0	0	0	0	0	0	0	0	0	0	0
SKBR3	0.848027790398774	0.810442616308357	0.685269042044294	0.881027610023858	0.848012724657262	0.732968414941063	0.789711767387365	0.762378440349908	0.676859801558779	0.871561676298226	0.857364344862501	0.754851133992598	0.823723843773511	0.790713530189953	0.694303312746224	0.869819664928957	0.842465506417241	0.738703226130233	0.730113635190158	0.778589633707871	0.652453286099895	0.90670759328305	0.818953572273768	0.637262331122645	0	0	0	0	0	0	0	0	0	0	0	0	0	0	0	0	0	0	0	0	0	0	0	0	0	0	0	0.653102071412164	0.171836344674566	0	0	0	0	0	0	0	0.337206163157711	0.295318766457998	0.279706935847503	0.523793329358417	0	0	0.356303012980565	0.240383862478412	0.252318978954804	0.558792946368905	0.255170654771606	0.226881595367036	0	0	0	0	0	0	0	0	0	0	0	0	0.172630289412439	0	0	0	0	0	0.369529232270075	0.313899824392327	0	0.648008464224596	0.651860281468982	0.558810586729526	0.18254301968146	0.184090189162347	0	0.539520860431253	0.570284565629536	0.391480090336989	0.290173372115274	0.267892437418291	0	0.699627703475701	0.718616735249523	0.727605660807697	0.555896738097795	0.692674448819998	0.741183415476756	0.839651959425932	0.810556028534733	0.76985134986766	0	0	0	0	0	0	0	0	0	0	0	0	0	0	0	0	0	0	0	0	0	0	0	0	0	0	0	0.123774932280224	0	0	0	0	0	0	0	0	0.102709924180049	0	0	0	0	0	0.117058610426405	0.093259977643903	0.072447096742805	0.113983225147163	0.07756610659485	0	0	0	0	0	0	0	0	0	0	0	0	0	0	0	0	0	0	0
SKBR3	0.942188999810577	0.863391306339202	0.719886434308516	0.960955418057948	0.899532051937578	0.76261966412849	0.873669102564988	0.763867781795653	0.683237890606449	0.95824066936136	0.901970215155442	0.788998221135509	0.915759402194446	0.849905358561758	0.730221440392786	0.964984501763199	0.914555623023368	0.762498499011524	0.81732757260277	0.831303013021562	0.738204679633845	0.935678704304753	0.868523467859534	0.719105490481687	0	0	0	0	0	0	0	0	0	0	0	0	0	0	0	0	0	0	0	0	0	0	0	0	0.212807792369132	0	0	0.711022913491685	0.218428291028128	0	0	0	0	0	0	0	0.493964028228731	0.347198011305934	0.279640848755231	0.551374823772867	0	0	0.446857984807565	0.223523830085411	0.188055767798723	0.564710963564311	0.203006569075027	0.162214419887663	0	0	0	0.162880424796629	0	0	0	0	0	0	0	0	0.160220511417179	0	0	0	0	0	0.385875140287419	0.319386721477762	0	0.704744454831035	0.759203379274969	0.570418800809318	0.159894474652745	0.173635508333053	0	0.588014829710096	0.617133939763649	0.391945436374909	0.337003130793875	0.344903388249876	0	0.81272792868061	0.866620635542502	0.842427982832671	0.650569479627292	0.777648201252357	0.84605178005486	0.897322829911207	0.882464879799612	0.875284345202036	0	0	0	0	0	0	0	0	0	0	0	0	0	0	0	0.063949934574769	0	0.04494366686077	0	0	0	0	0	0	0.071912018653005	0	0	0.106578810989751	0.108619424834866	0	0	0	0	0	0	0	0.078984415993076	0.061575010928026	0	0	0	0.047224724863588	0.060544591431191	0	0	0	0	0	0	0	0	0	0	0	0	0	0	0	0	0	0.05297895482892	0	0	0	0.05703642900359	0
UACC893	0	0	0.270688947319616	0.373434782302763	0.542835435793591	0	0.202123925508025	0	0.194003106882978	0.471870218858484	0.531193906570178	0.19839391678923	0.503353074501767	0.461016310689894	0.374552340743711	0.448229454090289	0.615616054924281	0.183495975443317	0	0	0	0.185845048364568	0.279900425907379	0	0	0	0	0	0	0	0	0	0	0	0	0	0	0	0	0	0	0	0	0	0	0	0	0	0	0	0	0.184389977672577	0	0	0	0	0	0	0	0	0	0	0	0	0	0	0	0	0	0	0	0	0	0	0	0	0	0	0	0	0	0	0	0	0	0	0	0	0	0	0	0	0	0	0	0	0	0	0	0	0	0	0	0	0	0	0.184111158761253	0	0	0	0	0	0	0	0	0	0	0	0	0	0	0	0	0	0	0	0	0	0	0	0	0	0	0	0	0	0	0	0	0	0	0	0	0	0	0	0	0	0	0	0	0	0	0	0	0	0	0	0	0	0	0	0	0	0	0	0	0	0	0	0	0	0	0	0	0	0	0	0	0
ZR751	1.35924883773137	1.14386991897549	1.27571924629558	1.87463963892003	1.54916704259308	0.932496848651549	0.433912239817646	0.642571508614333	0.482400933268053	1.54647241247777	1.31220945512973	1.08530079037384	1.72167489221639	1.57652085071806	1.41870164392333	1.90462168965946	1.51819128793665	0.852455589297266	1.64815559101595	1.6411050288075	1.59826102722765	1.911338605809	1.84910441012683	1.64396753098176	0	0	0	1.02603467505072	0	0	0	0	0	1.26447410964981	0.865045726856137	0.758593438662193	0	0	0	0.525125868269082	0	0.475404079155618	0	0	0	0	0	0	0	0	0	0.801176507233807	0	0	0	0	0	0	0	0	1.3072289453072	1.20629173804223	1.37544879847982	1.70713913408506	1.4148147144056	1.20977220374648	1.2587664917708	1.09767230226955	1.46798001742363	1.75361904522068	1.54947668306437	1.39574452040302	0	0	0	0	0	0	0	0	0	0	0	0	0	0.545583746777184	0	0.666910140015945	0.621796211830679	0.647969493371056	0.213930805408249	0	0	0.842772995896531	0.483473015975257	0	0	0	0	0.379176558506493	0.196451926873462	0	0.610377058535904	0.427619097207046	0.24773657247257	1.03718901298738	0.837949402499518	0.668376768661921	1.31370793947515	1.52642787626811	1.0469872877227	1.34461684805636	1.34461684805636	1.47094330959911	0	0	0	0.665455341399066	0.485774520675928	0.472229717160392	0	0	0	1.19373316945017	1.14655020925467	1.06617459489312	0	0	0	0.382435833684392	0.394883254448927	0.650187877571313	0	0	0	0	0	0	0	0	0	0.213626808707446	0	0	0	0	0	0	0	0	0.148897636970164	0.156247667546152	0	0.430587418925214	0.157255130673222	0.14003854488561	0	0	0	0.51175479287536	0.202411992356788	0.151547914174242	0	0	0	0	0	0	0	0	0	0	0	0	0	0	0	0	0	0
ZR7530	0	0	0	0	0	0	0	0	0	0	0	0	0	0	0	0.151833082163164	0.208344146456773	0.274606136882675	0.177688933546237	0.257861817842574	0.282686788342736	0.247638331743	0.232127576227858	0.259247705014965	0	0	0	0	0	0	0	0	0	0	0	0	0	0	0	0	0	0	0	0	0	0	0	0	0	0	0	0	0	0	0	0	0	0	0	0	0	0	0	0	0	0	0	0	0	0	0	0	0	0	0	0	0	0.115623815852502	0	0	0	0	0	0	0	0	0	0	0	0	0	0	0	0	0	0.487769046084599	0	0	0	0	0	0.433541128490651	0	0	0.188247758230057	0.819133420675775	0.955423596805339	1.11350361555718	0.587791038813082	0.904310762717485	1.11102799804091	0.987147819114961	1.0369805906562	1.13785412913697	0	0	0	0	0	0	0	0	0	0	0	0	0	0	0	0	0	0	0	0	0	0	0	0	0	0	0	0	0	0	0	0	0	0	0	0	0	0	0	0	0	0	0	0	0	0	0	0.144967643968401	0	0	0	0	0	0	0	0	0	0	0	0	0	0	0	0	0	0
