	pErk,EGF,1,m	pErk,EGF,100,m	pErk,EPR,1,m	pErk,EPR,100,m	pErk,BTC,1,m	pErk,BTC,100,m	pErk,HRG,1,m	pErk,HRG,100,m	pErk,INS,1,m	pErk,INS,100,m	pErk,IGF-1,1,m	pErk,IGF-1,100,m	pErk,IGF-2,1,m	pErk,IGF-2,100,m	pErk,PDGF-BB,1,m	pErk,PDGF-BB,100,m	pErk,HGF,1,m	pErk,HGF,100,m	pErk,SCF,1,m	pErk,SCF,100,m	pErk,FGF-1,1,m	pErk,FGF-1,100,m	pErk,FGF-2,1,m	pErk,FGF-2,100,m	pErk,NGF-beta,1,m	pErk,NGF-beta,100,m	pErk,EFNA1,1,m	pErk,EFNA1,100,m	pErk,VEGF165,1,m	pErk,VEGF165,100,m	pAkt,EGF,1,m	pAkt,EGF,100,m	pAkt,EPR,1,m	pAkt,EPR,100,m	pAkt,BTC,1,m	pAkt,BTC,100,m	pAkt,HRG,1,m	pAkt,HRG,100,m	pAkt,INS,1,m	pAkt,INS,100,m	pAkt,IGF-1,1,m	pAkt,IGF-1,100,m	pAkt,IGF-2,1,m	pAkt,IGF-2,100,m	pAkt,PDGF-BB,1,m	pAkt,PDGF-BB,100,m	pAkt,HGF,1,m	pAkt,HGF,100,m	pAkt,SCF,1,m	pAkt,SCF,100,m	pAkt,FGF-1,1,m	pAkt,FGF-1,100,m	pAkt,FGF-2,1,m	pAkt,FGF-2,100,m	pAkt,NGF-beta,1,m	pAkt,NGF-beta,100,m	pAkt,EFNA1,1,m	pAkt,EFNA1,100,m	pAkt,VEGF165,1,m	pAkt,VEGF165,100,m
184B5	0.556802864642859	0.598390518797986	0.083424204650975	0.642497291344086	0.61830447360993	0.602147499739306	-0.022922378607706	0.179080696731057	-0.116076536535088	-0.115745647458162	-0.055527568246102	0.194699238840748	0.023538039817984	0.124952712882214	0.009727119069299	0.052183635221894	0.165997853179562	0.733877429522164	0.061975124601375	0.06251547347005	0.38507018121349	0.349741601504148	0.047311383590706	0.155995258011819	0.004928749182723	0.054348047339984	0.028568226884806	0.083173460453336	0.095534284262614	0.03694389647916	0.190244576644829	0.569740804393838	0.00311838635714	0.315852992702936	0.270155901008931	0.557476707467139	0.008971183349495	0.354398661188074	-0.195954156498804	0.017336497725545	-0.003865194729405	0.700718589158445	-0.090078878829791	0.461214971943082	-0.083512051480096	-0.011720714146999	-0.020032768567523	0.733932979951428	-0.109810085308857	-0.041933734139835	0.103481619933431	0.056790518157484	-0.020055724107989	-0.001056883541752	0.038581173385595	0.064872768731392	-0.04261529793809	-0.039648175332824	0.006083336510212	0.027092373442441
21MT1	0.204113638075518	0.15605503134309	0.090698277620468	0.391044078808656	0.248630482928325	0.349765837259134	0.522674280894298	0.637251924671597	-0.366301489729596	-0.325300955372709	-0.33071887822677	-0.072808951814299	-0.206691961941907	0.055009524841698	-0.407113347637112	-0.210677142280068	-0.086453941441528	0.492428677732723	-0.186997615652334	-0.42331601511459	-0.357301632116641	-0.154179674792086	-0.247473516505318	-0.142506350152077	-0.230912152262379	-0.322600854117284	-0.310943436016374	-0.249139851866675	0.166824949833751	0.330103917371894	0.023735566324564	0.049126123011243	-0.014157566647446	0.013089471642082	0.059721540240458	0.504212265495998	0.653461117334462	0.922011968432671	-0.193677925484681	-0.279708076187033	-0.206792417465216	-0.031615314270023	-0.130413431614676	0.031686331878512	-0.062304090388924	-0.011492750855414	-0.05801636776053	0.188968756672415	-0.044395557430708	-0.136221508243575	-0.016054996360186	0.007244614974184	-0.011045781127724	-0.0073646816673	0.069989161273424	-0.197181994403831	-0.075709261047309	-0.050847894252721	0.060276560598537	0.069333452901568
21PT	0.807807848257183	1.17185925590797	0.279746569756913	1.31049645176145	0.810010597610311	1.16609129298029	0.917017571285275	1.28839919285575	-0.070962078028749	-0.070962078028749	-0.070962078028749	0.081510362438969	-0.070962078028749	0.101242973905544	-0.070962078028749	0.222310227121122	-0.002724425603743	1.18324774072141	-0.070962078028749	-0.070962078028749	-0.070962078028749	-0.070962078028749	0.032916522698626	-0.070962078028749	-0.070962078028749	-0.070962078028749	-0.070962078028749	0.024989658260577	0.05576411870311	0.172995803008496	-0.038490595087407	0.263350541952135	0.117396750731774	0.106486585995015	0.087926405860247	0.875780659933434	0.966560662954706	1.36325160557064	-0.038490595087407	0.113155143824779	-0.038490595087407	0.123036914965704	0.03675091193616	0.208999304008175	0.02059491563239	0.220319397422915	0.02959472083008	0.581705770071327	0.029172626732811	0.095505412720644	-0.038490595087407	-0.038490595087407	-0.038490595087407	-0.038490595087407	0.403261700677672	0.383453675865299	0.043425075356685	0.106914579125192	0.281226809286998	0.290891351717466
AU565	0.539423956122669	0.613583011284115	0.546746985165354	0.651454954162235	0.540013188349762	0.625884763916443	0.473239745821202	0.584151069574449	-0.16491296684633	-0.155099733233231	-0.11742027866617	-0.073178567181262	-0.061355761948396	-0.073758067997523	0.008285166783398	-0.041955145458389	0.048491591190524	0.449793021362023	-0.044473341953122	-0.132929435167384	0.147946961934242	0.109113187927394	0.084885092895611	0.128031380322413	-0.109353282173977	-0.12378421404956	-0.016630955039714	0.055968486150999	0.061091665039593	0.093084189814454	0.009118085450772	0.42774852469526	0.021885722833499	0.413849538774061	0.063309196951956	0.575843187385832	0.49726382937644	0.704583694272214	-0.146349097566926	-0.083740362969899	-0.099457157072904	-0.02979743364207	-0.06216244082109	-0.012972919102955	-0.005839539586807	-0.010409068669044	-0.027362666406525	0.218070281159096	-0.02705559316162	0.000457610370659	-0.028764942660525	-0.014777240433261	-0.038589280842936	-0.027716227223689	-0.044424775039619	-0.012222275119871	-0.058347351257844	0.051433725058913	0.027252000948106	0.054216694341786
BT20	1.76464281185524	1.80401404134469	1.7850286592353	1.81159141348474	1.74530385875769	1.78746976703727	1.34152123326667	1.61312229912259	0.034458328249568	0.089978782865436	-0.408105482109447	0.537495234747231	-0.053291221178666	0.069164544557825	0.011836929991277	0.34135515402664	0.419377556925323	1.73310493695534	-0.111757492957704	0.284397117436892	1.0306839786744	0.928985362869268	0.18471507654597	0.607053649433149	0.543473904205623	0.732416422227394	0.255768445863459	0.30157015172471	0.471712393532672	0.696794534661	0.240460478914973	0.26724713254768	0.292980486824608	0.325405384444424	0.278288833500969	0.323762867175104	0.325474939883536	0.40207255517016	-0.052605121330927	0.009171003521533	-0.029580976259745	0.194129298737477	-0.051477798538761	0.066270621312788	-0.033076442022867	0.019561012674078	0.011506739102123	0.354406229154669	0.002663222961534	0.018677655732394	0.069296598732366	0.057571538645861	-0.001851891079915	0.011578077615912	0.041522968561982	0.076858078544192	0.017109550910008	0.039663541579306	0.041072945002784	0.00746120701043
BT474	0.332757103210234	0.496114726540928	0.279562330762131	0.561263304873628	0.412000339770672	0.607171908623461	0.562807789692099	0.740840850540271	-0.069406119662259	-0.045618034809344	-0.029330113811363	-0.030812553661817	-0.007716763638797	0.004743561926611	-0.064157853218838	0.019834096609717	0.079557995261372	0.27427418233395	-0.014207476932074	-0.031898964565933	0.191303181579299	0.247937113062084	0.246925415017053	0.391903093968362	-0.024446739278779	-0.016330341067668	0.039773802970028	0.05651041990014	0.042997638084761	0.000809567857191	-0.033110260277678	0.239532147829853	-0.044237988198726	0.182726132457547	0.049899072726282	0.589064797718728	0.389066697780701	0.670193848922489	-0.121185194662516	-0.125121361655503	-0.13160440263857	-0.136212178427524	-0.114700980020276	-0.108663615588423	-0.176530368258234	-0.071203075488145	-0.017753567598914	0.03984256429408	-0.048460057693542	-0.09021597868534	-0.006233814530175	-0.008763325435027	-0.016586440520579	0.004393061932853	-0.081375791153664	-0.111631266477569	0.024468257188477	-0.050706636458145	-0.014325782924781	-0.020797806334359
BT483	1.0195449958524	1.23220006814878	0.160471343032953	1.30437089806779	1.34751829846412	1.30117363153834	1.85076854290204	2.10147543635424	-0.082015039118617	-0.082015039118617	-0.082015039118617	-0.082015039118617	-0.082015039118617	-0.082015039118617	-0.082015039118617	-0.082015039118617	0.180941543766334	-0.082015039118617	-0.082015039118617	-0.082015039118617	1.06383372869415	1.46790503523511	1.36811621291004	1.58928239729851	0.16038261601002	-0.082015039118617	-0.082015039118617	0.086846228379735	0.544294452929301	0.621929084513224	0.031110117024109	0.05515706865187	0.024528084045358	-0.010393087199466	-0.008512746300479	0.228499909618685	0.322698549939335	0.706683938451668	-0.297425944298288	-0.323374140533601	-0.265566922455541	-0.037566583546571	-0.151390799681507	-0.135495690261385	-0.094215382564254	-0.094085672070607	-0.128875721864307	-0.253336531517841	-0.13297108831074	-0.212908231863673	0.002089198326802	-0.013426939348405	0.066595391358379	0.077316633135015	-0.073937048585571	-0.205623814304905	-0.037298602309001	0.009787877834765	-0.061372332942842	0.097223569457741
BT549	0.375936327386453	0.734185887852748	-0.053884896762436	0.648237052270957	0.440910519223454	0.559427453170842	-0.089674939899362	-0.10590041678526	-0.101202465312401	-0.048834787000365	-0.071303551887372	0.017977465551624	-0.040882208625638	-0.007524745548547	0.029881448872222	0.125044567426415	0.120054139545634	0.937542540565378	0.008237439902823	0.035097258136534	0.458513742791604	0.266679552940112	0.437135402659542	0.520648218024254	0.038234585747986	0.135284645996891	0.11364265440235	0.099911642116562	0.057627207469288	0.0479360584184	0.045422279767884	0.187908041554174	-0.035004841534419	0.121702022565835	0.040527922994035	0.12624650232561	-0.010173096778253	0.048170441632835	0.005316382403177	0.125280332977853	-0.016554922291134	0.336433168790704	-0.027751429632734	0.204886058573728	0.007450505358844	0.042755099479653	0.102979058355286	0.509657569332345	-0.006108572648722	0.000231611947438	0.039648885479977	0.029495341800275	0.004081215500392	0.0030760708084	0.067310505462842	0.031854506908213	0.037094719912056	-0.013974130086309	0.02978935811417	0.069239476328897
CAMA1	-0.039203122774308	1.91178644972478	0.346274317244217	1.67067512600281	2.18640957774083	2.28239491399883	2.48114118477083	2.75908917246729	-0.039203122774308	-0.039203122774308	-0.039203122774308	0.312551548679092	0.946089689291042	0.338307197382437	-0.039203122774308	0.137069200371538	-0.039203122774308	-0.039203122774308	-0.039203122774308	0.255214387227182	1.53888175986794	1.78346822527388	1.80349891918624	2.44221884724929	0.588987199029014	0.385629855867701	0.097559554350739	-0.039203122774308	0.145079827600434	0.867066419160956	-0.096277278995504	-0.011896188018244	-0.052511580565307	-0.013785434128389	0.081002664994987	0.278476248888841	0.280944948214262	0.387775300842813	-0.162293606005611	-0.167912645427557	-0.22083307933813	-0.048419194936201	-0.149984999826004	-0.069497426031338	-0.115395849134077	-0.096047852380379	-0.080821957234398	-0.123680282252933	-0.230419472441763	-0.138647335394102	0.072520332497328	-0.008903406595378	0.090026509927849	0.167310318877698	-0.146849075075616	-0.179878755227752	-0.057383902705344	-0.046555006070747	-0.091199509611036	-0.071936402742282
HCC1187	1.81315638967026	1.96558554672086	1.07295427017806	1.91701325457616	1.79938579609849	1.91903869028352	0.371642508385285	0.991059114491186	0	0	0	0.13544230056334	0	0.13472887025148	0	0	0	0.988171224170769	0	0.589368378800988	1.63399049604802	1.82156034007749	1.63103619301057	1.95573664851203	0	0.139978576272213	0.14293129803732	0.079721823781151	0	0	0.300773484104053	0.591436006811792	0.068274852935144	0.429511908885244	0.27083656743427	0.513649580581044	0.095715886094325	0.270632894335513	0.396613021875072	0.665856106323984	0.022868675647341	0.423782026514791	0.021166835632676	0.495618708481181	0.060764766012108	0.071566574710993	0.050651711965338	0.083996259757977	0.108036368762414	0.344453186104123	0.414605551882667	0.579792663746581	0.396062355744148	0.654315856954033	0.002553034075549	-0.040085591544925	0.015440054515115	-0.001449431214344	0.02140877242853	0.004101527048754
HCC1395	0.683870472371064	0.557608897672694	0	0.781374313481706	0.782268154967946	0.537484261140157	0	0	0	0	0	0	0	0	0	0	0	0.217311880559287	0	0	0.316360625091277	0.181987894453688	0.441166343224083	0.422617849526861	0	0	0	0	0	0	0.269383009713442	0.340005996573187	0.077108772049068	0.305931381453135	0.29361016757989	0.307711237428606	0.043061652627515	0.073999509374307	-0.058986106712997	0.111923541602619	-0.074990847466851	0.296999438712095	-0.050165059580045	0.152128905399104	0.025687440891746	0.033001305362034	0.037438818775947	0.259989258154725	-0.007359749017481	-0.030356252520417	0.110359661644606	0.092534839235816	0.136071888187627	0.155828942129777	-0.035165836844762	-0.006753505778697	0.009109356888159	0.032696771474217	0.00606974301253	-0.005927679023838
HCC1419	-0.034567560128177	0.094157637488246	-0.016564888271397	0.077531835313518	0.08822631116563	0.231189223749747	0.279336492983361	0.389812595827226	-0.014288970995553	0.018953139805152	0.045215010824593	0.032112648231384	0.057158164067042	0.055288125519075	0.000769643261007	0.028065196453025	0.035780382816155	0.073944751647787	0.053244132704135	0.061574072895094	0.04973228748803	-0.015663410116832	0.011563687037262	0.08644511597852	0.00319506095364	0.037143954372168	-0.022324628481881	-0.006709197336618	0.012025051311008	0.044843737710674	0.046186795757997	0.178503320007018	-0.038993338034642	0.058600825550274	0.037660905323363	0.373804571690736	0.29655226444578	0.495017300702036	0.021142399145554	0.046808740064964	-0.114395215001009	-0.087746523023462	-0.176309656894671	-0.114681399115351	-0.126994753904958	-0.017075855371107	-0.118346075402413	-0.076659214273648	-0.119472411362386	-0.118415329208809	0.071170555983294	-0.088890920773687	0.049343069578035	0.021818100535342	0.050964399656586	0.07210647592002	-0.048480886777168	0.00984109211193	0.07475483269423	0.080266235428189
HCC1428	2.06567961888914	2.1120049760768	-0.098486034464046	2.0044517405987	2.21314179914808	2.06714558558526	2.00879483268113	2.44163500587057	-0.098486034464046	0.011403359722175	-0.098486034464046	0.210632223448187	0.020088153346503	0.065843634881781	-0.098486034464046	-0.098486034464046	-0.098486034464046	0.088969658154052	-0.098486034464046	-0.026300191577765	1.90012821359706	1.72729044100729	1.87625924500949	2.09940092209663	0.590597513431638	0.824440175122573	-0.098486034464046	0.230959774400888	0.150877307695264	0.251356612529472	0	0	0	0	0	0	0	1.033767138609	0	0.15548916417971	0	0.118628292394112	0	0.087988025633815	0	0	0.069346400870218	0.071378571969258	0.066530068418748	0.103630719545599	0	0	0	0	0.492991334163888	0.467909169857286	0	0.068853365648457	0.161965679058921	0.191893266084859
HCC1500	0	0	0	0	0	0.127533997385181	0	0.500181873880714	0	0	0	0	0	0	0	0	0	0	0	0	0.288202720317558	0.382146796841644	0.302905545682251	0.634946466738683	0	0	0	0	0	0	-0.093948647979405	-0.033163878107623	-0.137712473643879	-0.124956631623846	-0.059406052202803	-0.140345957732346	-0.01771093709727	0.296980941265919	-0.079149406445336	-0.074128236193133	-0.011383331881515	-0.016556194188856	-0.140079611457068	-0.01915273073242	-0.199694323550399	-0.12909008051624	-0.090879556066571	-0.075820114391892	-0.136717840779422	-0.066317553103827	-0.073579039525264	-0.199694323550399	-0.137810676545445	-0.136134035023175	0.203798527813166	0.194608713384111	-0.078342456144394	-0.059099937078613	0.137052356719388	0.268311110910262
HCC1569	0.745537650421758	0.798362940036762	0.412942800420022	0.79237529395011	0.767795158104704	0.807681170355026	0.753739464993186	0.897962422918639	-0.070239904362068	-0.06766052917156	-0.115578578038844	0.13384963123365	-0.077572302547891	0.100138288397284	-0.107140557749155	-0.03094297170519	0.047143441144466	0.666071680667673	-0.15113958890507	-0.082559117505948	0.447651052923812	0.468080963272459	0.423997437188685	0.561592506690134	-0.044179281954508	0.036863382147866	-0.171207950737918	0.027161953136855	0.029248516384244	0.404593767251932	0.161332055484126	0.397943213548372	0.010069836843536	0.307665738293969	0.148933069668917	0.563507223570956	0.426245638516241	0.601790933196756	0.015948141183303	0.048509107197763	-0.060826592163341	0.266580249703789	-0.211470495268231	0.135953541092293	-0.19083117191828	-0.102597903939646	-0.125539717424459	0.243958775096171	-0.225680387743357	-0.100842052324109	0.046014637784482	0.054431649829665	0.011020723183331	0.076419275395487	-0.058620191616176	0.00161356977931	-0.196554005583	-0.115053718004773	-0.112934340059882	0.013962340726982
HCC1806	0.853350206393354	0.933128708484478	0.759287178811429	0.946045255808193	0.844620301843269	0.847846986227634	0.338880649149173	0.672140670140137	-0.371183765706093	0.239796800287066	-0.297306865141357	0.401884203133945	-0.371183765706093	0.241295659764815	-0.371183765706093	-0.151404383412177	0.030749143740805	0.901996577497378	-0.371183765706093	-0.292548782466865	0.484957280538246	0.686106474353544	0.351909452916683	0.641851295481922	-0.371183765706093	-0.238509741418572	-0.371183765706093	-0.371183765706093	-0.212810957241543	-0.298463458477762	0.376805064168398	0.44675511998336	0.315574874120601	0.497335982572744	0.374881315088939	0.328807310280252	0.348262286511781	0.814365962724694	0.090694216229077	0.632990459897332	0.051182453558208	0.824563880050972	-0.061246280500306	0.735352071247124	-0.129592279633753	-0.114736226853194	-0.042089350189464	0.539257600150076	-0.125722274183655	-0.133490777108545	0.117061484752845	0.187279782606024	0.05987857539721	0.16691065944986	-0.308731336829783	-0.278674528647518	-0.118564702371357	-0.113416947590618	-0.085732159627947	-0.033108425031401
HCC1937	1.76719537222028	1.86872153348448	1.16258013850123	1.81932717381042	1.82343821697163	1.7796889660944	0.849035472700697	1.38650852950803	-0.093341143089518	0.720844842771766	0.000497964621808	0.77860884954734	0.149108554782604	0.588641756552053	-0.013844324130333	0.132074389070182	0.519738974845099	1.83998629154428	-0.093341143089518	-0.001677619296692	1.25659601478617	1.32871704111017	0.500070378626676	1.06306876203982	0.312307567531004	0.340101971222978	-0.033676317797794	0.107402493383032	0.315289782743171	0.243054794135482	0.537758001631917	0.799995327121513	0.213867114635973	0.630675847187118	0.583722453655881	0.698826192532391	0.58016325255261	0.957036474850568	0.158912631689614	0.711672508729137	0.076538712530921	0.690508814626547	-0.106725976969089	0.424405323334616	-0.309704132367422	-0.167232742511283	-0.023171954992392	0.797020062412819	-0.184996931979484	-0.047282646649366	0.156325161552878	0.206249187925106	0.077608190530985	0.130510321318893	0.156900381261708	0.254147366090408	-0.222813072611285	-0.040885962791579	0.117689942295233	0.087230024540777
HCC1954	0.739755257842028	0.762595895119337	0.505419324888868	0.76016549325467	0.72651691983735	0.745273257523031	0.590419186778492	0.713778670729954	-0.025272690415048	-0.021603000257078	-0.101153316059816	-0.043006187271117	-0.051964173262018	-0.053444976415808	0.02317086964942	0.148368655996627	0.231772150990039	0.397381821236532	-0.071156881959212	-0.069578291207138	0.264778040870484	0.144082185800234	0.380981825315909	0.435818656464582	-0.086495153824704	0.021861163515951	0.091676193435375	0.227731301583033	0.028142618107665	0.03656548508862	0.276694186945743	0.470518458277615	0.043707282128859	0.396988000382935	0.319546473016702	0.576957604444514	0.412765680177614	0.684789687596732	-0.008484803114936	0.033983571031786	-0.090494404914423	0.228634951925701	0.029463737862769	0.120481558836142	0.02329339105251	0.130316398785446	0.118807870655754	0.137371877567921	0.032948386671896	0.101430034872349	0.067411335259134	-0.014272358641055	-0.01105016217657	0.129808062425348	0.081751805610555	0.095111558321584	0.132398187860186	0.275029330143819	0.101796145854006	0.224175891707432
HCC202	0.821794581912774	1.01074360144914	0.631263598623787	0.990235879901107	0.881959391823817	0.962372247114941	0.560381654821745	0.657925127673294	-0.027118149803426	0.026375107362499	-0.004656938863657	0.033303243261524	0.077994749804178	0.05412464312916	0.07485806341735	0.116773415000163	0.190988182971247	0.964501035215234	0.015895281148029	0.079433324812128	0.223487169406924	0.141254790547162	0.148320650664182	0.26439590111468	0.116272714601528	0.199896668791827	0.057652714969261	0.070292496699292	0.197312719979627	0.198068059104735	0.030036574915776	0.075220822705404	0.024432882654619	0.075263642274887	0.047430057016645	0.108091131585912	0.131667252077349	0.105783703268301	-0.010345548255774	-0.009834318102024	0.026272068765328	-0.001003341965276	-0.018637388404349	-0.05116925275815	-0.024689637576617	0.016784510176515	-0.051757499395203	0.016556894084179	-0.046695602316526	0.008281937638227	0.095713243696677	0.072553468437273	0.092924793790482	0.090636834825259	0.006614376677223	0.09159342350893	0.037916619915367	0.067681820085617	0.086348836076602	0.029511531543093
HCC38	1.58887273691175	1.66418758044976	0.716397550036297	1.63034742347623	1.62591588253394	1.50364443595859	1.02592532430647	1.44547635587146	-0.26009652675182	-0.092014959565763	-0.674259927952519	0.26199804077009	-0.190892268410501	0.235426879604801	-0.208270818506425	-0.027734461097611	0.413944310142896	1.19237963352759	-0.082575998403042	0.270073376875378	1.4818155139254	1.25865963724312	1.48495846212355	1.52759256208411	-0.190790727484264	-0.377553991313392	-0.287739350743683	0.122650508883276	0.241644936881	0.425397560729159	0.249185223912002	0.472437761180303	0.013148551440429	0.318439487938055	0.376404594708061	0.424711567690092	0.65031923911978	1.08259884585974	-0.076633182395491	0.001795017834405	-0.020986828064732	0.342400474951904	-0.041025024487061	0.246583563081522	-0.0714850926848	-0.057987674530406	0.014980561441383	0.454105789277054	0.004189117339909	0.193533926799474	0.165013203102685	0.13115053235966	0.160554978106346	0.131388774718842	-0.029952666436723	-0.00265255692925	-0.020477372886328	-0.08467519847734	-0.025460265014163	0.024118782733698
HCC70	1.53230142610566	1.66442006620288	1.33434163608292	1.73517406135546	1.5331545806403	1.51612559602287	0.523432121878049	0.980022974795028	-0.114422397359734	0.031014317882487	-0.114422397359734	-0.114422397359734	-0.006641969710362	-0.007313779597693	0.063625685591525	0.114001648236335	-0.04516933369951	1.34431739559298	-0.114422397359734	0.252964242768704	0.289395817094477	0.060279790621467	-0.048726945252981	-0.114422397359734	0.091755097065528	0.266925057060599	-0.114422397359734	-0.114422397359734	0.017567263248911	-0.024088591475845	0.456031467672054	0.620679404815084	0.423775777951595	0.618315146750986	0.480656694470243	0.5862742106766	0.671046205015594	0.791187876808269	-0.072910338947694	-0.066732867674215	-0.049768736963453	0.039802558264542	-0.02050083795097	0.046811630349226	0.012387677898935	0.110571302809372	0.17078963918891	0.730532579142629	0.120581466285387	0.485800077871507	0.0339162784903	0.006412384653317	0.031823171704276	0.030510144081772	-0.064692670725371	-0.060315453482786	0.003451392195274	0.039849924617059	-0.026512361796691	-0.043753571664734
HS578T	0.778922095910412	0.943383622094496	0.030451690444737	0.859821540785009	0.82470322638394	0.894337444696148	-0.026356907331038	-0.074437261991809	-0.085086997071511	-0.002210380524167	-0.056657105145305	0.005349283911404	-0.076405530901096	-0.009865905071405	0.142301755692402	0.824477177887322	0.057473170248216	0.830619039541243	-0.052998288945178	0.014915094050414	0.469018627419813	0.902175347346966	0.780186723608219	0.922154269517336	0.072609576959744	0.156238236176365	0.06837152508481	0.084942784216487	0.163909104112892	0.143421417363378	0.761143337226131	1.20799448611808	0.006807031557768	0.87813789362688	0.845395979175956	1.13162224641369	0.017079825282404	0.005381065916088	-0.126518804483843	-0.073617169385444	-0.122780872008856	0.330202381320908	-0.090556633663479	0.102232870887694	0.529770380891231	1.30536261060678	0.107574086111792	1.04792352649354	-0.07172108366449	-0.110099002385526	0.175602305571532	0.494536640991542	0.374097422347474	0.543278539897247	-0.017145643141859	-0.031028690039991	-0.043108710438786	-0.008297764081796	0.055485366489501	0.107196020296866
MCF10A	0.809811349921935	0.881365442215526	0.46801700112819	0.939330069162674	0.819491240814511	0.824627615154376	-0.045265961388278	0.329311176565916	0.178283966513082	0.102107871600862	-0.128128608768828	0.381674308203022	0.467969261614029	0.422829500869691	-0.078002787283353	-0.065543107425512	0.075836816149965	0.84195040578984	0.205682335136607	-0.085164303771774	0.467816757394087	0.432873253966868	0.251966354592268	0.20595116992776	-0.037777540967027	-0.133420733507391	0.036035487299286	0.076662501518635	-0.022683391220184	0.281410330433898	0.250153483585708	0.65355032077202	0.061859241102784	0.498226577182545	0.339417681682404	0.601156924441142	0.109821312369136	0.627297699535548	0.073466855952636	0.199698139421659	0.134411478443446	0.871881979663614	0.329173589380772	0.803388352899125	-0.018894898469282	-0.110032793985822	0.01519952686025	0.719763946519174	0.09240519657937	-0.121285570369417	0.110999717901696	0.111636985332242	-0.035457833709359	-0.032119042765182	-0.036520153988817	-0.058478234280686	0.011126251675782	-0.157525457655114	-0.175963063963552	0.064748278386181
MCF10F	1.49792911555275	1.619722631538	0.534022294328186	1.5518621259422	1.57524156136549	1.53924083455337	1.04793513159522	1.47416502305211	0	0	0	0.343305358463997	0	0.196810676436028	0	0	0	1.7299881871797	0	0	0.086245683044506	0.372460108795828	0.314872575903566	0.333492046986729	0	0.081253611848373	0	0	0.444611619087486	0.661797938576812	0.235071112889995	0.340018626838253	0.151096259236013	0.108226962558719	0.278413326741472	0.368176111001137	1.09246410261178	1.36577573767334	-0.190503992837924	-0.025177707655402	-0.088020341041462	0.598343903229183	0.119886286333055	0.473146662758385	0.047485268656086	0.043905382341066	0.03481343919088	0.676804474360779	-0.039684598266055	-0.187903713737653	0.135654175669737	0.079391107132217	0.091320442834949	0.068275578017955	-0.016656547106827	-0.084801087503192	0.013703417860937	0.004372523148808	0.02871036334716	0.194676630253834
MCF12A	0.169821628862219	0.474379498339296	-0.063864558284586	0.248155534025388	0.220002159514327	0.48899879458633	0.020034868661956	0.031242833245629	-0.003371524909305	0.10910250654903	0.040082181864516	0.119761642866175	0.007019758215722	0.111294205307556	0.054513276943609	0.147016615571185	0.084516910767366	0.555836823810917	0.020425153711819	0.064271692975302	0.359222080180898	0.332069219121528	0.180423994239706	0.385289875810743	0.066102050476855	0.144956727130999	0.031730569976356	0.073557033112893	0.111219647395491	0.057773561601162	0.020245242185671	0.130460726521027	0.092268927711853	0.012060631459746	0.013586725898845	0.115823152367977	0.092310378591946	0.043177964788441	-0.154566150752168	0.20568683431787	-0.111211453397988	0.347026987236195	-0.082962940480735	0.163442505741681	-0.126750519171266	-0.137991532057037	-0.146444264411261	0.206340704430256	-0.398163017645257	-0.242584879469485	0.079515971329401	-0.107248766159206	0.076066439903615	0.095653179759125	-0.021157902107481	-0.040655977706471	-0.069667623010353	0.024039553497042	0.024057899901854	0.154070343729029
MCF7	0.94850206445761	1.21428702661991	-0.277434734900339	0.902072355470739	1.21494167062032	1.30128743425356	1.37579893896481	1.85682145231729	-0.581833728432308	-0.174106226185331	-0.498735553777595	1.07816124846709	-0.510657448502422	0.481673010723571	-0.259162370586261	-0.102081864496692	-0.101735561010074	0.812540558868066	-0.35229313316693	0.012238238936894	1.17052485394858	1.41868145581764	1.14661774404488	1.3527639858423	-0.380300549168759	-0.021326822627257	-0.275184317614887	-0.03884069538216	-0.008421317484453	-0.163966819765664	0.106894900306199	0.191424002874842	0.005595783763718	0.072054693643904	0.056208464187123	0.204529798549665	0.419768304826184	0.919263290595604	-0.039045492011294	0.167318023679427	0.002514733502825	0.567346616830136	-0.023965476071498	0.37884844984117	-0.013351545757053	0.052105577774965	-0.01650449593151	0.085878669882994	-0.082526759375996	0.05006513251113	0.092890911208978	0.132188474857546	0.034015572982177	0.062389488504012	-0.124676687328917	0.04252135351449	0.003347106872803	0.106994147005739	-0.066403129476466	0.008267445003633
MCF7	1.28040873545009	1.34202611618324	0.468071617446693	1.27673769138041	1.85368076686765	1.9856406213402	2.12072211148049	2.30609452464805	0	0	0	1.68372913758582	0	1.30847508372288	0	0	0	0.662736711465057	0	0	1.76198909741712	2.06387582327741	1.87572470045769	1.92209219039262	0.175248935152074	0.105836494761404	0	0.204693504074125	0.496509034907841	0.880122462538535	-0.163429125470945	-0.022136864030584	-0.029735288447063	-0.163429125470945	0.053582045323176	0.402089338752113	0.824835524157415	1.41650245302792	-0.045501418083381	0.382603533521147	0.227252273783201	1.07413971134829	0.031632958831639	0.932185709102423	0.048007535743805	-0.030554996607556	0.159557063556003	0.192719076948929	-0.062176392746653	0.143970356220084	-0.040329001213572	-0.047904015750705	0.157909882242724	-0.01952149593644	0.332886196747768	0.346050045448182	-0.163429125470945	-0.04536532378443	0.126555116067139	0.066878147313832
MDAMB134VI	0.049319331689614	-0.0041352136624	0.089019309765109	-0.056769541960136	0.060242475434351	-0.047873540543321	0.264082134640776	0.533131760211176	-0.072038734087206	-0.022732444933672	-0.207571465784778	-0.003852968483014	-0.047885398120668	-0.104411508352163	-0.059105334419196	-0.050574566422463	-0.065104281679721	-0.012903236254624	-0.13684979945321	-0.033794905492633	0.509505064373555	0.814060789976128	0.482592964023769	0.82040875177503	0.103881314189469	0.147378971001111	-0.039480039824815	0.066811581700029	0.263556577955487	0.320453053582367	0	0	0	0	0	0	0.131193807025597	0.461871707248544	0	0.120272978114732	0	0.188947075354818	0	0.059613587792945	0	0	0	0	0	0.062763991248951	0	0	0	0	0.068973381302688	0.12379320423368	0	0.061266372889674	0.236291126635979	0.223496132358849
MDAMB157	1.6621012766866	1.74696581892375	0	1.32061702585999	1.78410222071616	1.62903088241079	0	0	0	0.625838342611945	0	0.470009867337126	0	0.162484341204784	0.94824173225486	1.65023291614213	0	0.436855852079292	0	1.01116734053664	1.58622881294452	0.925013072312841	1.56538712748309	1.63958835897634	0	0.510299167364755	0	0	0.257325453687596	0.080568844579435	0.12313972407255	0.480182841805887	0	0	0.260971524678062	0.339629437903487	0	0	0	0.578067457843832	0	0.496745065058048	0	0.367988050809075	0.669211505101731	1.32324465831781	0	0	0	0.583551843458054	0	0	0	0	0.103151860927558	0.299074091508422	0	0.060473648276845	0.215585772976291	0.060770457677335
MDAMB175VII	0.094577650432104	0.193403435783748	0.003435022270313	0.023306652731079	0.119189053253017	0.184417927222223	0.022301504606179	0.078698894258582	-0.000801656806183	-0.034298175942535	-0.022915916879984	-0.000088552921844	0.00755647921624	0.022904232966582	-0.006822504927272	0.019841436123438	0.026435001214817	0.026583239861962	0.013304956457583	-0.002369952382202	0.033354424392276	0.040423369419346	0.015712877495029	0.03252826750363	0.074759140555875	0.015189932987783	0.036082231054458	0.03361469358037	0.070345173612418	0.074171761487709	0.016488323217154	0.027520487021796	-0.007974369328522	-0.0287072372047	0.000506665845077	-0.01744968070718	0.016060344915591	0.23155191357121	0.016668012207828	0.217951492288964	-0.02481044615309	0.077717171048633	-0.006124482500063	0.049525659631867	0.027682923867493	0.03007499393903	0.023427157423188	0.063713801516782	0.025961882415545	0.031807528312364	0.006372681912638	-0.015637393568022	0.01565133049607	0.028155094989783	0.049537532506713	0.078991561983696	0.047544662519924	0.056627630285685	0.073369626828225	0.055687689391585
MDAMB231	1.49818701219923	1.59259144323493	0.958026826986815	1.64285701422814	1.55657913344183	1.5211354289776	0.419419264781248	1.10794462030134	-0.561873799022762	-0.460224826843396	-0.371688029811637	0.463041132881576	-0.213677758668832	0.393067688982796	-0.652907134296933	-0.479264747133806	0.186382857571469	1.63580748859504	-0.254676829038227	-0.458468138481494	0.539529580512034	1.32651948805748	-0.396153207412985	0.746020699898435	-0.842716400379094	-0.732258992135999	-0.95161563363404	-0.31640423772727	0.045558838007536	0.39542323475615	0.474371602760072	0.590427556776188	-0.015119876632278	0.343830391946645	0.245880363109662	0.516816466980883	0.278675695257997	0.642240762564482	-0.203639071701464	-0.348464925329268	-0.251557368840495	0.525944477966602	-0.093668403001406	0.41611596941511	-0.281779427136656	-0.074132219922261	-0.1936473268117	0.540375724236846	-0.161367883941217	-0.242602977327427	0.091016762154984	-0.348464925329268	-0.348464925329268	-0.189613308998024	0.135859121258523	0.126736167677215	0.039223591574081	0.220437333264009	0.227023217907354	0.325846162366597
MDAMB231	0.064017437715513	0.170971163434202	-0.00956114238559	0.111095344554529	0.090891340946756	0.161831813541921	-0.016290583528604	-0.00200357118611	0.01790626904415	0.049031714517622	0.02506195251343	0.050566655914058	0.014936063275292	0.058478892419529	0.027088290018455	0.070277739153655	0.054945395874886	0.230467545133598	0.009826747029896	0.027148722801121	0.057419030853886	0.101151314618644	0.101989573386889	0.10390652898987	0.016606522977672	0.036666053457377	-0.010259266079734	0.030552806417968	0.037167104637205	0.035968270783931	0.003634513703157	0.241601324754306	-0.025849904507588	-0.013319944055302	0.029918102271541	0.210891293855158	0.017747396229491	0.011428353432261	-0.162283717738344	-0.004009505295978	-0.13538617366088	0.301497080551728	-0.074800134834214	0.161207403347479	-0.047472643161094	-0.021208381442744	-0.006641933325388	0.263192790788979	-0.081346234020872	-0.144137721201466	0.013588353455133	-0.01139079344304	0.002744244717344	0.00675462487161	-0.134129993042232	-0.258421667641323	-0.06479508363876	0.010926572802101	-0.025997670105986	0.0200053093989
MDAMB361	0.24842593926054	0.674648165987734	0.202862952203389	0.577126805454391	0.604337318901387	0.818634736558836	1.24732195181082	1.38949296292784	-0.034574678316278	-0.177998287251891	-0.177998287251891	0.024520555326128	-0.177998287251891	-0.177998287251891	-0.177998287251891	-0.177998287251891	-0.177998287251891	-0.177998287251891	-0.177998287251891	-0.177998287251891	1.00808327539269	0.544053425149411	0.970275628771069	1.18455015972061	0.216794815783841	-0.177998287251891	-0.177998287251891	0.174756353374465	0.43581344300744	0.649038136889727	0.119282238154931	0.215267207764511	0.112440551915615	0.144373899679595	0.134261541523755	0.629306022097117	0.589351512081881	0.754045303351885	-0.24797382968895	0.040733087556442	-0.32561139873518	0.411653724133793	-0.07893468075242	0.306377227692618	-0.268842305459128	-0.161705748555146	-0.133469184236226	-0.173599555602304	-0.215604108366321	-0.254189808851503	0.040546107442803	0.011836126842508	0.026411835805342	0.042709658930999	-0.20198969814984	-0.204946559083248	-0.115630523583717	-0.051969638683641	-0.006911938224751	0.1006780451536
MDAMB415	0.176812758092417	0.216373329565504	0.012402263864606	-0.264421116462763	1.82501217617511	2.0248195105824	2.02060343576688	2.30625533523509	-0.264421116462763	-0.108172712297022	-0.264421116462763	-0.264421116462763	-0.264421116462763	-0.264421116462763	-0.13137986770219	0.132526783782345	-0.264421116462763	1.21301535843848	-0.264421116462763	0.204787083524043	1.49671221403835	1.67440954724928	1.25721555710793	2.00922508830913	0.602359244929005	0.96058215076646	0.04675494405434	0.262859939667602	1.08831708044454	0.972359715234858	0.074123799421971	0.04481696416356	0.057464909253719	0.076627854982748	0.13955135376102	0.255554857100156	0.251777489494308	0.386219077813183	0.121777628180146	0.097075235515689	0.094025485303758	0.094064705419336	-0.013078734517242	-0.011141413553967	0.016823724119876	0.059813201122299	0.055351263429247	0.120485370804034	0.015100388348332	0.110027197198111	0.104102603411694	0.129320537233473	0.184966668568202	0.214682798338186	0.117984020389578	0.123801321037217	0.177393142991939	0.170117382965115	0.169522105070802	0.178828371345155
MDAMB436	0.886305575718695	0.983035165684486	0	0.699077920542955	0.866882750234744	0.882933405348089	0	0	0.13437517672939	0.148022323732392	0.082180536973688	0.312438688352942	0	0.170863467522246	0	0	0.146490681588755	0.896436636808398	0	0.147373962783065	0.648910481849153	0.556283145622263	0.68825244881028	0.843209631727098	0.282817203769096	0.226630113580395	0	0	0.345345656481626	0.4813296522991	0.374452212031053	0.548525878090135	0.062964004899202	0.19614658387625	0.351237283782078	0.399998886706287	0.021828316774457	0.029883689729763	0.048924885421272	0.157286923749845	0.07888004602488	0.460802190553438	-0.036771191264887	0.288974309553646	-0.245664366991008	-0.117664075046719	0.010614379810324	0.40653092084778	-0.059926276490643	0.026023590039066	0.101550533291141	0.031694980928898	0.135674023263576	0.297874456616719	0.352545643642089	0.097951104399233	-0.213945660865444	-0.225717397821947	0.327523111844555	0.422996349543553
MDAMB453	0.133280775686047	0.208890775567226	0.077587053540472	0.429605438796162	0.290221280729763	0.265389343098222	0.51555435039094	0.700300828206583	-0.269363628903633	-0.222241001760173	-0.219821724517891	-0.124282886435314	-0.163249315623421	-0.065554779268214	-0.094489985313239	-0.01791156018431	-0.100194466294292	0.008256355554049	-0.118814448964596	-0.060439884463254	0.032229809051831	0.413513161820892	-0.026835686126532	0.694941703303593	0.006024431962373	0.117106361915263	-0.168546977429968	-0.201403429855833	0.155127777930908	0.101508515754049	-0.012785139346079	0.075677312836852	0.017279318272066	0.126347814559033	0.0500013874137	0.464338083281398	0.446673405277418	0.614322655130712	-0.108108494145811	-0.05178172786198	-0.097324168126646	-0.04873218946553	-0.09258133026172	-0.045492687214589	-0.035222911434129	-0.009880970312484	-0.034979733608189	-0.002330159996737	-0.057052745876217	-0.051794237100404	0.009491461969807	0.083954734550954	0.00514215317829	0.176297870868081	-0.054516993956904	-0.022937387758852	-0.02439029020605	-0.017674810430549	0.004459733585367	0.01517296952428
MDAMB468	0.911000392419544	1.09390511927105	1.05343767986809	1.12211430777541	0.90758409239073	1.0870111492443	0.347830758683148	0.662904275215724	-0.033798768068907	0.147433650685692	0.003018394087505	0.100347989524966	0.025437826508158	0.093182622504581	0.126306172786016	0.111651985491675	0.247733049612289	0.992377826914532	0.069834244813817	0.080216339694552	0.479400629234731	0.406492583255811	0.235306703088698	0.337218195157464	-0.00002833996638	0.132408728412699	0.041076104241374	0.046527296698036	0.044883343961698	-0.00301156150133	0.292339211464538	0.443220251321869	0.361239164982818	0.411388647473869	0.256152758340179	0.414692652160942	0.282552645828843	0.484712536899539	0.086039330673877	0.305429205657631	0.000782284155362	0.254143913933736	-0.038172144397899	0.169286050720896	-0.045234921190458	0.00545141565187	0.016215652298491	0.426036689511178	-0.058558157344507	-0.0195762490402	0.057792659689648	0.041799631544272	0.051754765656527	0.067437422036622	0.024151836554473	0.054264727665269	-0.033589998511863	-0.011255937853544	0.091786421291707	0.033562429401416
SKBR3	1.13934043264975	1.18946645779356	1.10912015216579	1.19770022420136	1.14823688932555	1.17903018055955	1.09857899500641	1.13042035408868	-0.048952664070126	-0.048952664070126	-0.048952664070126	-0.048952664070126	-0.048952664070126	-0.048952664070126	-0.048952664070126	0.017124436050364	0.134136675445988	0.581300607983217	0.012644131358885	-0.048952664070126	0.587908770081524	0.229161742781833	0.522365870773278	0.601920365495796	-0.048952664070126	0.107908337304995	0.020601659422408	-0.048952664070126	0.03683716620071	-0.048952664070126	0.236874773764136	0.602465397577174	0.125139048747372	0.505982908489561	0.220542427551157	0.696904104145165	0.690126024235254	0.783797281168739	-0.050504990351613	-0.04649379824601	-0.04039047838975	-0.038786060048902	-0.046475258155971	-0.047624795153282	-0.016000571797252	-0.029133921943339	0.044967889605481	0.073621589376582	-0.06560546584794	-0.048736878866484	0.030647272376868	-0.001163940956247	0.084697597825441	0.060329964674301	-0.046895487158494	-0.044209593088676	0.011153639704773	-0.011336497564415	-0.044984541589179	-0.041548638104616
SKBR3	0.781246482917142	0.820669583207395	0.742983336432017	0.827925718384442	0.769580228903229	0.816996132492144	0.720385518332642	0.787641165559821	-0.058130820406912	0.00744901646408	-0.045026135509923	-0.007555202030391	-0.072970891744579	-0.041149712499582	-0.037264345960174	-0.005551038165919	0.028976737757155	0.304525506097581	-0.096689253719852	-0.052252595783578	0.304077288487737	0.242461142061822	0.28300195147126	0.346948398835849	-0.013346938118101	0.043683195054222	0.002820887430496	0.026157542274974	0.072840778459923	0.020803031477089	0.227754398110737	0.619559777474368	0.083674153116448	0.500428505465926	0.195304338283032	0.715283366510974	0.663251534131517	0.806686445942775	-0.091193468536514	-0.031695313060988	-0.075756028391814	-0.031664836569106	-0.089844838502185	-0.051183882109891	-0.045233622733324	-0.046857205573845	-0.029121527069283	0.036629433091936	-0.088611554422075	-0.080609835206383	0.053336546844686	0.056918312698562	0.094255228271038	0.084271409549973	-0.063932139201049	-0.019492591786387	-0.0349776508865	-0.033569050450883	-0.014805147896656	-0.048796889464112
SKBR3	0.841822246819432	0.874369044708006	0.773591591655696	0.883069701884104	0.831962067049663	0.88067954126603	0.795611755086059	0.841102554215324	-0.040285266461229	-0.02194725205432	-0.0374273572747	-0.014114130730617	-0.025687392961788	0.01443305611015	-0.016897542494682	-0.000095634337979	0.110397528293516	0.338827720352016	-0.02044701095958	-0.003776845902405	0.373600962763299	0.243053978019228	0.286145860897233	0.309977317509001	0.053469725569777	0.076507284416528	-0.002934615742707	-0.030086969813024	0.055355863224707	0.068527370378524	0.23159704816264	0.678122211638441	0.073780519457806	0.532364735282885	0.24197604656603	0.840592182351928	0.758089820311503	0.885024018304285	-0.040526636492526	-0.004652454681669	-0.025587329918655	0.000530013097682	-0.012550380200715	0.040451834496171	-0.034381289269984	-0.030413808847362	0.038779182601284	0.076305297384434	-0.032522617783272	-0.017793102273178	0.02849528717033	-0.02265737158721	0.012509132648465	-0.035255555041422	0.003363912649481	-0.012996179877331	-0.042697356173448	-0.032954976738701	0.022307324465882	0.041417882024599
UACC893	0.090229649106539	0.305423406032118	0.132042344130334	0.400486014072631	0.446307241978457	0.415780494819296	0	0.155248491423982	0	0	0	0	0	0	0	0	0	0.061463325890859	0	0	0	0	0	0	0	0	0	0	0	0	-0.04011437853618	0.014469997797561	0.009580127206138	0.029973192511225	0.043324151127235	0.038881822469002	0.022272971814004	0.024677266313576	-0.15056547369701	-0.108912765882682	-0.081783722233871	-0.070646115783614	-0.111519613352153	-0.071545974934368	-0.081050172805306	-0.094766737938832	-0.07424471355107	-0.063415139962742	-0.096695928180165	-0.090125027245159	0.022250611873796	-0.032830761768687	0.004975669827004	-0.134335358045912	-0.201356467846877	-0.123619591129679	-0.069892593054091	-0.097125936516524	-0.083275092221035	-0.158748195538083
ZR751	1.25961266766748	1.45210117672155	0.519628227233344	1.31466088599378	1.5722991289526	1.42508952229779	1.62917388235037	1.80147018230586	-0.927395989434651	0.513194345618222	-0.962856786014896	0.962704425056047	-0.170838755505768	0.346946904892185	-0.8921268061981	-0.807994175505636	-0.30508991155428	0.24451143088538	-0.887647451826328	-1.08541772602362	1.29632316060975	1.44390868407905	1.274806270488	1.56628008289602	-0.949767113516801	-1.02847798454041	-0.742151707413716	-0.44234716257633	0.270826585673075	0.64555861507256	0.144251930623922	0.467978683506611	0.005825476124653	0.222385761330545	0.42857757607184	0.847838394716271	1.29570770115532	1.38672566857061	-0.02839112399646	0.541153193078462	-0.041956040461522	1.13548599119932	-0.039869718168885	0.475835655234877	-0.034489885846077	-0.152177594176633	-0.039331002281985	0.053806421104125	-0.095121331897022	-0.147431383874544	0.128978546265939	0.242627031494682	0.085443773947033	0.288571566468797	-0.080436112843692	-0.114059000546188	0.004048426928338	-0.208488273583484	-0.113948205659111	-0.029719140761738
ZR7530	-0.023085354710865	0.020750390499401	0.00716360849827	0.021008397053855	0.045148741676285	0.211594455167538	0.239412513243849	0.246337870995274	0.0136511585856	0.003004677421167	0.031676112327824	0.036679314991153	0.027299253421923	0.050349013448406	-0.018814308836183	0.001930240297397	-0.009141232760587	0.040304531297111	0.005692690802517	0.019262595975953	0.013259470391278	-0.029112098342236	0.015488018960294	0.031371365234879	0.009554001228178	0.042106923261802	0.01195854201645	0.008280280356882	-0.065411241346944	-0.063254124030236	-0.057727754041457	0.200417374075351	-0.011419025643632	0.179880811674499	0.115404744199892	0.962686877679432	0.867709933190494	1.05399417963605	-0.016191295295565	-0.024923808487688	-0.012749328842239	-0.005623422556467	0.0040006848593	0.028453978643526	-0.020854348892018	-0.015845237510689	-0.038233850497258	0.034127660062563	-0.00409944236853	0.019545231692632	-0.004111374899454	-0.04337380269064	0.011468234722335	0.023272380387881	-0.041147962818101	0.002641661369393	0.021131767882115	0.01294688168829	-0.058021522566827	-0.08205683062749
